Código Departamento,Código Municipio,Código Centro Poblado,Nombre Departamento,Nombre Municipio,Nombre Centro Poblado,Tipo,enable
8,8001,8001000,ATLÁNTICO,BARRANQUILLA,BARRANQUILLA,CM,0
8,8001,8001001,ATLÁNTICO,BARRANQUILLA,JUAN MINA,C,0
8,8001,8001005,ATLÁNTICO,BARRANQUILLA,PINAR DEL RIO,CP,0
8,8078,8078000,ATLÁNTICO,BARANOA,BARANOA,CM,0
8,8078,8078001,ATLÁNTICO,BARANOA,CAMPECHE,C,0
8,8078,8078002,ATLÁNTICO,BARANOA,PITAL,C,0
8,8078,8078003,ATLÁNTICO,BARANOA,SIBARCO,C,0
8,8137,8137000,ATLÁNTICO,CAMPO DE LA CRUZ,CAMPO DE LA CRUZ,CM,0
8,8137,8137001,ATLÁNTICO,CAMPO DE LA CRUZ,BOHÓRQUEZ,C,0
8,8141,8141000,ATLÁNTICO,CANDELARIA,CANDELARIA,CM,0
8,8141,8141001,ATLÁNTICO,CANDELARIA,SAN JOSÉ DEL CARRETAL,C,0
8,8141,8141002,ATLÁNTICO,CANDELARIA,BUENAVENTURA DE LEÑA,C,0
8,8296,8296000,ATLÁNTICO,GALAPA,GALAPA,CM,0
8,8296,8296001,ATLÁNTICO,GALAPA,PALUATO,C,0
8,8372,8372000,ATLÁNTICO,JUAN DE ACOSTA,JUAN DE ACOSTA,CM,0
8,8372,8372001,ATLÁNTICO,JUAN DE ACOSTA,BOCATOCINO,C,0
8,8372,8372002,ATLÁNTICO,JUAN DE ACOSTA,CHORRERA,C,0
8,8372,8372003,ATLÁNTICO,JUAN DE ACOSTA,SAN JOSÉ DE SACO,C,0
8,8372,8372004,ATLÁNTICO,JUAN DE ACOSTA,SANTA VERÓNICA,C,0
8,8372,8372007,ATLÁNTICO,JUAN DE ACOSTA,URBANIZACIÓN PUNTA CANGREJO,CAS,0
8,8421,8421000,ATLÁNTICO,LURUACO,LURUACO,CM,0
8,8421,8421001,ATLÁNTICO,LURUACO,ARROYO DE PIEDRA,C,0
8,8421,8421002,ATLÁNTICO,LURUACO,PALMAR DE CANDELARIA,C,0
8,8421,8421003,ATLÁNTICO,LURUACO,LOS PENDALES,C,0
8,8421,8421004,ATLÁNTICO,LURUACO,SAN JUAN DE TOCAGUA,C,0
8,8421,8421005,ATLÁNTICO,LURUACO,SANTA CRUZ,C,0
8,8421,8421006,ATLÁNTICO,LURUACO,LOS LÍMITES,CAS,0
8,8421,8421007,ATLÁNTICO,LURUACO,LA PUNTICA,CAS,0
8,8421,8421012,ATLÁNTICO,LURUACO,BARRIGÓN,CP,0
8,8421,8421013,ATLÁNTICO,LURUACO,SOCAVÓN,CP,0
8,8433,8433000,ATLÁNTICO,MALAMBO,MALAMBO,CM,0
8,8433,8433001,ATLÁNTICO,MALAMBO,CARACOLÍ,C,0
8,8433,8433004,ATLÁNTICO,MALAMBO,LA AGUADA,C,0
8,8433,8433005,ATLÁNTICO,MALAMBO,PITALITO,CAS,0
8,8436,8436000,ATLÁNTICO,MANATÍ,MANATÍ,CM,0
8,8436,8436001,ATLÁNTICO,MANATÍ,EL PORVENIR (LAS COMPUERTAS),CAS,0
8,8520,8520000,ATLÁNTICO,PALMAR DE VARELA,PALMAR DE VARELA,CM,0
8,8520,8520001,ATLÁNTICO,PALMAR DE VARELA,BURRUSCOS,C,0
8,8549,8549000,ATLÁNTICO,PIOJÓ,PIOJÓ,CM,0
8,8549,8549001,ATLÁNTICO,PIOJÓ,AGUAS VIVAS,C,0
8,8549,8549003,ATLÁNTICO,PIOJÓ,HIBACHARO,C,0
8,8558,8558000,ATLÁNTICO,POLONUEVO,POLONUEVO,CM,0
8,8558,8558001,ATLÁNTICO,POLONUEVO,PITAL DEL CARLÍN (PITALITO),C,0
8,8560,8560000,ATLÁNTICO,PONEDERA,PONEDERA,CM,0
8,8560,8560001,ATLÁNTICO,PONEDERA,LA RETIRADA,C,0
8,8560,8560002,ATLÁNTICO,PONEDERA,MARTILLO,C,0
8,8560,8560003,ATLÁNTICO,PONEDERA,PUERTO GIRALDO,C,0
8,8560,8560004,ATLÁNTICO,PONEDERA,SANTA RITA,C,0
8,8560,8560007,ATLÁNTICO,PONEDERA,CASCAJAL,CAS,0
8,8573,8573000,ATLÁNTICO,PUERTO COLOMBIA,PUERTO COLOMBIA,CM,0
8,8573,8573002,ATLÁNTICO,PUERTO COLOMBIA,SALGAR,C,0
8,8573,8573003,ATLÁNTICO,PUERTO COLOMBIA,SABANILLA (MONTE CARMELO),C,0
8,8573,8573004,ATLÁNTICO,PUERTO COLOMBIA,URBANIZACIÓN BARRANQUILLA SPORT CLUB,CAS,0
8,8573,8573005,ATLÁNTICO,PUERTO COLOMBIA,COUNTRY CLUB VILLAS,CP,0
8,8573,8573006,ATLÁNTICO,PUERTO COLOMBIA,COUNTRY MAR,CP,0
8,8573,8573007,ATLÁNTICO,PUERTO COLOMBIA,LAGOS DE CAUJARAL,CP,0
8,8573,8573008,ATLÁNTICO,PUERTO COLOMBIA,VILLA CAMPESTRE,CP,0
8,8606,8606000,ATLÁNTICO,REPELÓN,REPELÓN,CM,0
8,8606,8606001,ATLÁNTICO,REPELÓN,ARROYO NEGRO,C,0
8,8606,8606002,ATLÁNTICO,REPELÓN,CIEN PESOS,C,0
8,8606,8606003,ATLÁNTICO,REPELÓN,LAS TABLAS,C,0
8,8606,8606004,ATLÁNTICO,REPELÓN,ROTINET,C,0
8,8606,8606005,ATLÁNTICO,REPELÓN,VILLA ROSA,C,0
8,8606,8606006,ATLÁNTICO,REPELÓN,EL PORVENIR (LAS COMPUERTAS),C,0
8,8634,8634000,ATLÁNTICO,SABANAGRANDE,SABANAGRANDE,CM,0
8,8638,8638000,ATLÁNTICO,SABANALARGA,SABANALARGA,CM,0
8,8638,8638001,ATLÁNTICO,SABANALARGA,AGUADA DE PABLO,C,0
8,8638,8638002,ATLÁNTICO,SABANALARGA,CASCAJAL,C,0
8,8638,8638003,ATLÁNTICO,SABANALARGA,COLOMBIA,C,0
8,8638,8638004,ATLÁNTICO,SABANALARGA,ISABEL LÓPEZ,C,0
8,8638,8638005,ATLÁNTICO,SABANALARGA,LA PEÑA,C,0
8,8638,8638006,ATLÁNTICO,SABANALARGA,MOLINERO,C,0
8,8638,8638007,ATLÁNTICO,SABANALARGA,MIRADOR,CAS,0
8,8638,8638008,ATLÁNTICO,SABANALARGA,GALLEGO,C,0
8,8638,8638010,ATLÁNTICO,SABANALARGA,PATILLA,C,0
8,8675,8675000,ATLÁNTICO,SANTA LUCÍA,SANTA LUCÍA,CM,0
8,8675,8675001,ATLÁNTICO,SANTA LUCÍA,ALGODONAL,C,0
8,8685,8685000,ATLÁNTICO,SANTO TOMÁS,SANTO TOMÁS,CM,0
8,8685,8685001,ATLÁNTICO,SANTO TOMÁS,EL UVITO,C,0
8,8758,8758000,ATLÁNTICO,SOLEDAD,SOLEDAD,CM,0
8,8770,8770000,ATLÁNTICO,SUAN,SUAN,CM,0
8,8832,8832000,ATLÁNTICO,TUBARÁ,TUBARÁ,CM,0
8,8832,8832001,ATLÁNTICO,TUBARÁ,CUATRO BOCAS,C,0
8,8832,8832002,ATLÁNTICO,TUBARÁ,EL MORRO,C,0
8,8832,8832003,ATLÁNTICO,TUBARÁ,GUAIMARAL,C,0
8,8832,8832004,ATLÁNTICO,TUBARÁ,JUARUCO,C,0
8,8832,8832010,ATLÁNTICO,TUBARÁ,PLAYA MENDOZA,CAS,0
8,8832,8832011,ATLÁNTICO,TUBARÁ,PLAYAS DE EDRIMÁN,CAS,0
8,8832,8832012,ATLÁNTICO,TUBARÁ,VILLAS DE PALMARITO,CAS,0
8,8849,8849000,ATLÁNTICO,USIACURÍ,USIACURÍ,CM,0
13,13001,13001000,BOLÍVAR,CARTAGENA DE INDIAS,CARTAGENA DE INDIAS,CM,0
13,13001,13001001,BOLÍVAR,CARTAGENA DE INDIAS,ARROYO DE PIEDRA,C,0
13,13001,13001002,BOLÍVAR,CARTAGENA DE INDIAS,ARROYO GRANDE,C,0
13,13001,13001003,BOLÍVAR,CARTAGENA DE INDIAS,BARÚ,C,0
13,13001,13001004,BOLÍVAR,CARTAGENA DE INDIAS,BAYUNCA,C,0
13,13001,13001005,BOLÍVAR,CARTAGENA DE INDIAS,BOCACHICA,C,0
13,13001,13001006,BOLÍVAR,CARTAGENA DE INDIAS,CAÑO DEL ORO,C,0
13,13001,13001007,BOLÍVAR,CARTAGENA DE INDIAS,ISLA FUERTE,C,0
13,13001,13001008,BOLÍVAR,CARTAGENA DE INDIAS,LA BOQUILLA,C,0
13,13001,13001009,BOLÍVAR,CARTAGENA DE INDIAS,PASACABALLOS,C,0
13,13001,13001010,BOLÍVAR,CARTAGENA DE INDIAS,PUNTA CANOA,C,0
13,13001,13001012,BOLÍVAR,CARTAGENA DE INDIAS,SANTA ANA,C,0
13,13001,13001013,BOLÍVAR,CARTAGENA DE INDIAS,TIERRA BOMBA,C,0
13,13001,13001014,BOLÍVAR,CARTAGENA DE INDIAS,PUNTA ARENA,CAS,0
13,13001,13001015,BOLÍVAR,CARTAGENA DE INDIAS,ARARCA,CAS,0
13,13001,13001016,BOLÍVAR,CARTAGENA DE INDIAS,LETICIA,CAS,0
13,13001,13001017,BOLÍVAR,CARTAGENA DE INDIAS,ARCHIPIÉLAGO DE SAN BERNARDO,C,0
13,13001,13001018,BOLÍVAR,CARTAGENA DE INDIAS,EL RECREO,CAS,0
13,13001,13001019,BOLÍVAR,CARTAGENA DE INDIAS,PUERTO REY,CAS,0
13,13001,13001020,BOLÍVAR,CARTAGENA DE INDIAS,PONTEZUELA,C,0
13,13001,13001021,BOLÍVAR,CARTAGENA DE INDIAS,ISLAS DEL ROSARIO,C,0
13,13001,13001022,BOLÍVAR,CARTAGENA DE INDIAS,PALENQUILLO,CAS,0
13,13001,13001023,BOLÍVAR,CARTAGENA DE INDIAS,PIEDRECITAS,CAS,0
13,13001,13001024,BOLÍVAR,CARTAGENA DE INDIAS,PLAYA DORADA,CAS,0
13,13001,13001026,BOLÍVAR,CARTAGENA DE INDIAS,ARROYO DE LAS CANOAS,CAS,0
13,13001,13001027,BOLÍVAR,CARTAGENA DE INDIAS,EL PUEBLITO,CAS,0
13,13001,13001028,BOLÍVAR,CARTAGENA DE INDIAS,LAS EUROPAS,CAS,0
13,13001,13001029,BOLÍVAR,CARTAGENA DE INDIAS,MANZANILLO DEL MAR,CAS,0
13,13001,13001030,BOLÍVAR,CARTAGENA DE INDIAS,TIERRA BAJA,CAS,0
13,13001,13001032,BOLÍVAR,CARTAGENA DE INDIAS,BOQUILLITA,CP,0
13,13001,13001033,BOLÍVAR,CARTAGENA DE INDIAS,MEMBRILLAL,CAS,0
13,13006,13006000,BOLÍVAR,ACHÍ,ACHÍ,CM,0
13,13006,13006002,BOLÍVAR,ACHÍ,BOYACÁ,C,0
13,13006,13006003,BOLÍVAR,ACHÍ,BUENAVISTA,C,0
13,13006,13006005,BOLÍVAR,ACHÍ,ALGARROBO,C,0
13,13006,13006007,BOLÍVAR,ACHÍ,GUACAMAYO,C,0
13,13006,13006008,BOLÍVAR,ACHÍ,GUAMO,C,0
13,13006,13006011,BOLÍVAR,ACHÍ,PLAYALTA,C,0
13,13006,13006013,BOLÍVAR,ACHÍ,RÍO NEGRO,C,0
13,13006,13006015,BOLÍVAR,ACHÍ,TACUYALTA,C,0
13,13006,13006017,BOLÍVAR,ACHÍ,TRES CRUCES,C,0
13,13006,13006019,BOLÍVAR,ACHÍ,PAYANDÉ,C,0
13,13006,13006020,BOLÍVAR,ACHÍ,RÍO NUEVO,C,0
13,13006,13006021,BOLÍVAR,ACHÍ,BUENOS AIRES,C,0
13,13006,13006022,BOLÍVAR,ACHÍ,PUERTO ISABEL,C,0
13,13006,13006029,BOLÍVAR,ACHÍ,PALENQUILLO,C,0
13,13006,13006030,BOLÍVAR,ACHÍ,CENTRO ALEGRE,C,0
13,13006,13006033,BOLÍVAR,ACHÍ,PUERTO VENECIA,C,0
13,13006,13006035,BOLÍVAR,ACHÍ,SANTA LUCÍA,C,0
13,13006,13006038,BOLÍVAR,ACHÍ,GALLEGO ARRIBA,C,0
13,13006,13006039,BOLÍVAR,ACHÍ,LOS NÍSPEROS,C,0
13,13006,13006040,BOLÍVAR,ACHÍ,NUEVA ESPERANZA,C,0
13,13006,13006041,BOLÍVAR,ACHÍ,PARAÍSO SINCERÍN,C,0
13,13006,13006042,BOLÍVAR,ACHÍ,PROVIDENCIA,C,0
13,13006,13006043,BOLÍVAR,ACHÍ,VIDA TRANQUILA,C,0
13,13030,13030000,BOLÍVAR,ALTOS DEL ROSARIO,ALTOS DEL ROSARIO,CM,0
13,13030,13030001,BOLÍVAR,ALTOS DEL ROSARIO,EL RUBIO,C,0
13,13030,13030002,BOLÍVAR,ALTOS DEL ROSARIO,LA PACHA,C,0
13,13030,13030003,BOLÍVAR,ALTOS DEL ROSARIO,SAN ISIDRO,C,0
13,13030,13030004,BOLÍVAR,ALTOS DEL ROSARIO,SANTA LUCÍA,C,0
13,13042,13042000,BOLÍVAR,ARENAL,ARENAL,CM,0
13,13042,13042001,BOLÍVAR,ARENAL,BUENAVISTA,C,0
13,13042,13042002,BOLÍVAR,ARENAL,CARNIZALA,C,0
13,13042,13042003,BOLÍVAR,ARENAL,SAN RAFAEL,C,0
13,13042,13042007,BOLÍVAR,ARENAL,SANTO DOMINGO,CAS,0
13,13052,13052000,BOLÍVAR,ARJONA,ARJONA,CM,0
13,13052,13052001,BOLÍVAR,ARJONA,PUERTO BADEL (CAÑO SALADO),C,0
13,13052,13052002,BOLÍVAR,ARJONA,GAMBOTE,C,0
13,13052,13052003,BOLÍVAR,ARJONA,ROCHA,C,0
13,13052,13052004,BOLÍVAR,ARJONA,SINCERÍN,C,0
13,13052,13052005,BOLÍVAR,ARJONA,SAN RAFAEL DE LA CRUZ,CAS,0
13,13052,13052006,BOLÍVAR,ARJONA,CRUZ DEL VIZO,CAS,0
13,13062,13062000,BOLÍVAR,ARROYOHONDO,ARROYOHONDO,CM,0
13,13062,13062001,BOLÍVAR,ARROYOHONDO,MACHADO,C,0
13,13062,13062002,BOLÍVAR,ARROYOHONDO,MONROY,C,0
13,13062,13062003,BOLÍVAR,ARROYOHONDO,PILÓN,C,0
13,13062,13062004,BOLÍVAR,ARROYOHONDO,SATO,C,0
13,13062,13062006,BOLÍVAR,ARROYOHONDO,SAN FRANCISCO (SOLABANDA),C,0
13,13074,13074000,BOLÍVAR,BARRANCO DE LOBA,BARRANCO DE LOBA,CM,0
13,13074,13074003,BOLÍVAR,BARRANCO DE LOBA,RIONUEVO,IPD,0
13,13074,13074004,BOLÍVAR,BARRANCO DE LOBA,SAN ANTONIO,IPD,0
13,13074,13074005,BOLÍVAR,BARRANCO DE LOBA,LOS CERRITOS,IPD,0
13,13074,13074006,BOLÍVAR,BARRANCO DE LOBA,LAS DELICIAS,C,0
13,13140,13140000,BOLÍVAR,CALAMAR,CALAMAR,CM,0
13,13140,13140002,BOLÍVAR,CALAMAR,BARRANCA NUEVA,C,0
13,13140,13140003,BOLÍVAR,CALAMAR,BARRANCA VIEJA,C,0
13,13140,13140004,BOLÍVAR,CALAMAR,HATO VIEJO,C,0
13,13140,13140009,BOLÍVAR,CALAMAR,YUCAL,C,0
13,13160,13160000,BOLÍVAR,CANTAGALLO,CANTAGALLO,CM,0
13,13160,13160001,BOLÍVAR,CANTAGALLO,SAN LORENZO,C,0
13,13160,13160002,BOLÍVAR,CANTAGALLO,BRISAS DE BOLÍVAR,CAS,0
13,13160,13160003,BOLÍVAR,CANTAGALLO,CAGUI,CAS,0
13,13160,13160004,BOLÍVAR,CANTAGALLO,EL BAGRE,CAS,0
13,13160,13160005,BOLÍVAR,CANTAGALLO,EL CARAÑO,CAS,0
13,13160,13160006,BOLÍVAR,CANTAGALLO,EL CEDRO,CAS,0
13,13160,13160007,BOLÍVAR,CANTAGALLO,EL FIRME,CAS,0
13,13160,13160008,BOLÍVAR,CANTAGALLO,LA ESPERANZA,CAS,0
13,13160,13160009,BOLÍVAR,CANTAGALLO,LA NUTRIA,CAS,0
13,13160,13160010,BOLÍVAR,CANTAGALLO,LA POZA,CAS,0
13,13160,13160011,BOLÍVAR,CANTAGALLO,LA VICTORIA (SEPULTURA),CAS,0
13,13160,13160012,BOLÍVAR,CANTAGALLO,LAS PAVAS,CAS,0
13,13160,13160013,BOLÍVAR,CANTAGALLO,LEJANÍA,CAS,0
13,13160,13160014,BOLÍVAR,CANTAGALLO,LOS CORONCOROS,CAS,0
13,13160,13160015,BOLÍVAR,CANTAGALLO,LOS PATICOS,CAS,0
13,13160,13160016,BOLÍVAR,CANTAGALLO,MURIBA,CAS,0
13,13160,13160017,BOLÍVAR,CANTAGALLO,NO HAY COMO DIOS,CAS,0
13,13160,13160019,BOLÍVAR,CANTAGALLO,SINZONA,CAS,0
13,13160,13160020,BOLÍVAR,CANTAGALLO,YANACUÉ,CAS,0
13,13188,13188000,BOLÍVAR,CICUCO,CICUCO,CM,0
13,13188,13188001,BOLÍVAR,CICUCO,CAMPO SERENO,C,0
13,13188,13188002,BOLÍVAR,CICUCO,LA PEÑA,C,0
13,13188,13188003,BOLÍVAR,CICUCO,SAN FRANCISCO DE LOBA,C,0
13,13188,13188004,BOLÍVAR,CICUCO,SAN JAVIER,C,0
13,13188,13188005,BOLÍVAR,CICUCO,PUEBLO NUEVO,CP,0
13,13212,13212000,BOLÍVAR,CÓRDOBA,CÓRDOBA,CM,0
13,13212,13212001,BOLÍVAR,CÓRDOBA,GUAIMARAL,C,0
13,13212,13212002,BOLÍVAR,CÓRDOBA,ISLA DE CÓRDOBA,CAS,0
13,13212,13212003,BOLÍVAR,CÓRDOBA,LA MONTAÑA DE ALONSO (MARTÍN ALONSO),CAS,0
13,13212,13212005,BOLÍVAR,CÓRDOBA,SAN ANDRÉS,C,0
13,13212,13212006,BOLÍVAR,CÓRDOBA,SINCELEJITO,C,0
13,13212,13212007,BOLÍVAR,CÓRDOBA,TACAMOCHITO,CAS,0
13,13212,13212008,BOLÍVAR,CÓRDOBA,TACAMOCHO,C,0
13,13212,13212009,BOLÍVAR,CÓRDOBA,SANTA LUCÍA,CAS,0
13,13212,13212010,BOLÍVAR,CÓRDOBA,LA SIERRA,CP,0
13,13212,13212011,BOLÍVAR,CÓRDOBA,LAS MARÍAS,CP,0
13,13212,13212012,BOLÍVAR,CÓRDOBA,PUEBLO NUEVO,CP,0
13,13212,13212013,BOLÍVAR,CÓRDOBA,SANAHUARE,CP,0
13,13212,13212014,BOLÍVAR,CÓRDOBA,SOCORRO 1,CP,0
13,13222,13222000,BOLÍVAR,CLEMENCIA,CLEMENCIA,CM,0
13,13222,13222001,BOLÍVAR,CLEMENCIA,LAS CARAS,C,0
13,13222,13222002,BOLÍVAR,CLEMENCIA,EL PEÑIQUE,C,0
13,13222,13222003,BOLÍVAR,CLEMENCIA,EL SOCORRO,C,0
13,13244,13244000,BOLÍVAR,EL CARMEN DE BOLÍVAR,EL CARMEN DE BOLÍVAR,CM,0
13,13244,13244001,BOLÍVAR,EL CARMEN DE BOLÍVAR,BAJO GRANDE,C,0
13,13244,13244002,BOLÍVAR,EL CARMEN DE BOLÍVAR,CARACOLÍ GRANDE,C,0
13,13244,13244003,BOLÍVAR,EL CARMEN DE BOLÍVAR,EL SALADO,C,0
13,13244,13244004,BOLÍVAR,EL CARMEN DE BOLÍVAR,JESÚS DEL MONTE,C,0
13,13244,13244005,BOLÍVAR,EL CARMEN DE BOLÍVAR,MACAYEPOS,C,0
13,13244,13244006,BOLÍVAR,EL CARMEN DE BOLÍVAR,SAN CARLOS,C,0
13,13244,13244007,BOLÍVAR,EL CARMEN DE BOLÍVAR,SAN ISIDRO,C,0
13,13244,13244008,BOLÍVAR,EL CARMEN DE BOLÍVAR,HATO NUEVO,C,0
13,13244,13244011,BOLÍVAR,EL CARMEN DE BOLÍVAR,EL RAIZAL,C,0
13,13244,13244014,BOLÍVAR,EL CARMEN DE BOLÍVAR,SANTA LUCÍA,C,0
13,13244,13244017,BOLÍVAR,EL CARMEN DE BOLÍVAR,SANTO DOMINGO DE MEZA,C,0
13,13244,13244018,BOLÍVAR,EL CARMEN DE BOLÍVAR,EL HOBO,C,0
13,13248,13248000,BOLÍVAR,EL GUAMO,EL GUAMO,CM,0
13,13248,13248001,BOLÍVAR,EL GUAMO,LA ENEA,C,0
13,13248,13248002,BOLÍVAR,EL GUAMO,SAN JOSÉ DE LATA,C,0
13,13248,13248003,BOLÍVAR,EL GUAMO,NERVITÍ,C,0
13,13248,13248004,BOLÍVAR,EL GUAMO,ROBLES,C,0
13,13248,13248005,BOLÍVAR,EL GUAMO,TASAJERA,C,0
13,13268,13268000,BOLÍVAR,EL PEÑÓN,EL PEÑÓN,CM,0
13,13268,13268003,BOLÍVAR,EL PEÑÓN,BUENOS AIRES,C,0
13,13268,13268004,BOLÍVAR,EL PEÑÓN,CASTAÑAL,C,0
13,13268,13268006,BOLÍVAR,EL PEÑÓN,LA CHAPETONA,C,0
13,13268,13268008,BOLÍVAR,EL PEÑÓN,JAPÓN,C,0
13,13268,13268013,BOLÍVAR,EL PEÑÓN,LA HUMAREDA,C,0
13,13268,13268017,BOLÍVAR,EL PEÑÓN,PEÑONCITO,C,0
13,13300,13300000,BOLÍVAR,HATILLO DE LOBA,HATILLO DE LOBA,CM,0
13,13300,13300001,BOLÍVAR,HATILLO DE LOBA,EL POZÓN,C,0
13,13300,13300002,BOLÍVAR,HATILLO DE LOBA,JUANA SÁNCHEZ,C,0
13,13300,13300003,BOLÍVAR,HATILLO DE LOBA,LA RIBONA,C,0
13,13300,13300004,BOLÍVAR,HATILLO DE LOBA,LA VICTORIA,C,0
13,13300,13300005,BOLÍVAR,HATILLO DE LOBA,PUEBLO NUEVO,C,0
13,13300,13300006,BOLÍVAR,HATILLO DE LOBA,SAN MIGUEL,C,0
13,13300,13300007,BOLÍVAR,HATILLO DE LOBA,CERRO DE LAS AGUADAS,C,0
13,13300,13300008,BOLÍVAR,HATILLO DE LOBA,LAS BRISAS,C,0
13,13300,13300009,BOLÍVAR,HATILLO DE LOBA,GUACALÍ,CP,0
13,13430,13430000,BOLÍVAR,MAGANGUÉ,MAGANGUÉ,CM,0
13,13430,13430001,BOLÍVAR,MAGANGUÉ,BARBOSA,C,0
13,13430,13430002,BOLÍVAR,MAGANGUÉ,BARRANCA DE YUCA,C,0
13,13430,13430003,BOLÍVAR,MAGANGUÉ,BETANIA,C,0
13,13430,13430004,BOLÍVAR,MAGANGUÉ,BOCA DE SAN ANTONIO,C,0
13,13430,13430006,BOLÍVAR,MAGANGUÉ,CASCAJAL,C,0
13,13430,13430007,BOLÍVAR,MAGANGUÉ,CEIBAL,C,0
13,13430,13430008,BOLÍVAR,MAGANGUÉ,COYONGAL,C,0
13,13430,13430009,BOLÍVAR,MAGANGUÉ,EL RETIRO,C,0
13,13430,13430010,BOLÍVAR,MAGANGUÉ,GUAZO,C,0
13,13430,13430011,BOLÍVAR,MAGANGUÉ,HENEQUÉN,C,0
13,13430,13430012,BOLÍVAR,MAGANGUÉ,ISLA GRANDE,C,0
13,13430,13430013,BOLÍVAR,MAGANGUÉ,JUAN ARIAS,C,0
13,13430,13430014,BOLÍVAR,MAGANGUÉ,LA PASCUALA,C,0
13,13430,13430015,BOLÍVAR,MAGANGUÉ,LA VENTURA,C,0
13,13430,13430016,BOLÍVAR,MAGANGUÉ,LAS BRISAS,C,0
13,13430,13430017,BOLÍVAR,MAGANGUÉ,MADRID,C,0
13,13430,13430018,BOLÍVAR,MAGANGUÉ,PALMARITO,C,0
13,13430,13430019,BOLÍVAR,MAGANGUÉ,PANSEGÜITA,C,0
13,13430,13430020,BOLÍVAR,MAGANGUÉ,PIÑALITO,C,0
13,13430,13430021,BOLÍVAR,MAGANGUÉ,SAN RAFAEL DE CORTINA,C,0
13,13430,13430022,BOLÍVAR,MAGANGUÉ,SAN JOSÉ DE LAS MARTAS,C,0
13,13430,13430023,BOLÍVAR,MAGANGUÉ,SAN SEBASTIÁN DE BUENAVISTA,C,0
13,13430,13430024,BOLÍVAR,MAGANGUÉ,SANTA FE,C,0
13,13430,13430025,BOLÍVAR,MAGANGUÉ,SANTA LUCÍA,C,0
13,13430,13430026,BOLÍVAR,MAGANGUÉ,SANTA MÓNICA,C,0
13,13430,13430027,BOLÍVAR,MAGANGUÉ,SANTA PABLA,C,0
13,13430,13430028,BOLÍVAR,MAGANGUÉ,SITIO NUEVO,C,0
13,13430,13430029,BOLÍVAR,MAGANGUÉ,PUERTO KENNEDY,C,0
13,13430,13430030,BOLÍVAR,MAGANGUÉ,TACALOA,C,0
13,13430,13430031,BOLÍVAR,MAGANGUÉ,TACASALUMA,C,0
13,13430,13430032,BOLÍVAR,MAGANGUÉ,TOLÚ,C,0
13,13430,13430036,BOLÍVAR,MAGANGUÉ,PLAYA DE LAS FLORES,C,0
13,13430,13430037,BOLÍVAR,MAGANGUÉ,SAN ANTOÑITO,C,0
13,13430,13430038,BOLÍVAR,MAGANGUÉ,EL CUATRO,C,0
13,13430,13430039,BOLÍVAR,MAGANGUÉ,BOCA DE GUAMAL,CAS,0
13,13430,13430040,BOLÍVAR,MAGANGUÉ,TRES PUNTAS,C,0
13,13430,13430041,BOLÍVAR,MAGANGUÉ,EMAUS,C,0
13,13430,13430042,BOLÍVAR,MAGANGUÉ,ISLA DE PERICO,CAS,0
13,13430,13430047,BOLÍVAR,MAGANGUÉ,PUERTO NARIÑO,CAS,0
13,13430,13430048,BOLÍVAR,MAGANGUÉ,PUNTA DE CARTAGENA,C,0
13,13430,13430051,BOLÍVAR,MAGANGUÉ,SAN ANTOÑITO,C,0
13,13430,13430052,BOLÍVAR,MAGANGUÉ,SANTA COITA,C,0
13,13430,13430053,BOLÍVAR,MAGANGUÉ,FLORENCIA,CAS,0
13,13433,13433000,BOLÍVAR,MAHATES,MAHATES,CM,0
13,13433,13433001,BOLÍVAR,MAHATES,EVITAR,C,0
13,13433,13433002,BOLÍVAR,MAHATES,GAMERO,C,0
13,13433,13433003,BOLÍVAR,MAHATES,MALAGANA,C,0
13,13433,13433004,BOLÍVAR,MAHATES,SAN BASILIO DE PALENQUE,C,0
13,13433,13433005,BOLÍVAR,MAHATES,SAN JOAQUÍN,C,0
13,13433,13433009,BOLÍVAR,MAHATES,MANDINGA,C,0
13,13433,13433010,BOLÍVAR,MAHATES,CRUZ DEL VIZO,CAS,0
13,13440,13440000,BOLÍVAR,MARGARITA,MARGARITA,CM,0
13,13440,13440001,BOLÍVAR,MARGARITA,BOTÓN DE LEIVA,C,0
13,13440,13440002,BOLÍVAR,MARGARITA,CANTERA,C,0
13,13440,13440003,BOLÍVAR,MARGARITA,CAUSADO,C,0
13,13440,13440004,BOLÍVAR,MARGARITA,CHILLOA,C,0
13,13440,13440005,BOLÍVAR,MARGARITA,DOÑA JUANA,C,0
13,13440,13440006,BOLÍVAR,MARGARITA,GUATACA SUR,C,0
13,13440,13440007,BOLÍVAR,MARGARITA,MAMONCITO,C,0
13,13440,13440008,BOLÍVAR,MARGARITA,SANDOVAL,C,0
13,13440,13440010,BOLÍVAR,MARGARITA,SAN JOSÉ DE LOS TRAPICHES,C,0
13,13440,13440011,BOLÍVAR,MARGARITA,COROCITO,C,0
13,13440,13440012,BOLÍVAR,MARGARITA,GUATAQUITA,CAS,0
13,13440,13440013,BOLÍVAR,MARGARITA,CAIMITAL,CAS,0
13,13440,13440014,BOLÍVAR,MARGARITA,CAÑO MONO,C,0
13,13440,13440015,BOLÍVAR,MARGARITA,EL BARRANCO,CAS,0
13,13440,13440016,BOLÍVAR,MARGARITA,EL ZAFIRO,CAS,0
13,13440,13440017,BOLÍVAR,MARGARITA,LA MONTAÑA,C,0
13,13440,13440018,BOLÍVAR,MARGARITA,LOS MANGOS,CAS,0
13,13440,13440019,BOLÍVAR,MARGARITA,SANDOVALITO,CAS,0
13,13440,13440020,BOLÍVAR,MARGARITA,SAN IGNACIO,CAS,0
13,13440,13440021,BOLÍVAR,MARGARITA,SAN MARTÍN,CAS,0
13,13442,13442000,BOLÍVAR,MARÍA LA BAJA,MARÍA LA BAJA,CM,0
13,13442,13442001,BOLÍVAR,MARÍA LA BAJA,CORREA,C,0
13,13442,13442002,BOLÍVAR,MARÍA LA BAJA,EL NÍSPERO,C,0
13,13442,13442003,BOLÍVAR,MARÍA LA BAJA,FLAMENCO,C,0
13,13442,13442004,BOLÍVAR,MARÍA LA BAJA,MANPUJÁN,C,0
13,13442,13442005,BOLÍVAR,MARÍA LA BAJA,ÑANGUMA,C,0
13,13442,13442006,BOLÍVAR,MARÍA LA BAJA,RETIRO NUEVO,C,0
13,13442,13442007,BOLÍVAR,MARÍA LA BAJA,SAN JOSÉ DEL PLAYÓN,C,0
13,13442,13442008,BOLÍVAR,MARÍA LA BAJA,SAN PABLO,C,0
13,13442,13442009,BOLÍVAR,MARÍA LA BAJA,EL MAJAGUA,CAS,0
13,13442,13442011,BOLÍVAR,MARÍA LA BAJA,LOS BELLOS,C,0
13,13442,13442012,BOLÍVAR,MARÍA LA BAJA,MATUYA,C,0
13,13442,13442014,BOLÍVAR,MARÍA LA BAJA,COLÚ,CAS,0
13,13442,13442017,BOLÍVAR,MARÍA LA BAJA,ARROYO GRANDE,CAS,0
13,13442,13442018,BOLÍVAR,MARÍA LA BAJA,PALO ALTICO,CAS,0
13,13442,13442020,BOLÍVAR,MARÍA LA BAJA,PUEBLO NUEVO,CAS,0
13,13442,13442021,BOLÍVAR,MARÍA LA BAJA,NUEVA FLORIDA,C,0
13,13442,13442022,BOLÍVAR,MARÍA LA BAJA,PRIMERO DE JULIO,CAS,0
13,13442,13442023,BOLÍVAR,MARÍA LA BAJA,EL SENA,CAS,0
13,13442,13442024,BOLÍVAR,MARÍA LA BAJA,LA CURVA,CAS,0
13,13442,13442025,BOLÍVAR,MARÍA LA BAJA,LA PISTA,CAS,0
13,13442,13442026,BOLÍVAR,MARÍA LA BAJA,MARQUEZ,CAS,0
13,13442,13442027,BOLÍVAR,MARÍA LA BAJA,MUNGUIA,CAS,0
13,13442,13442028,BOLÍVAR,MARÍA LA BAJA,CACAO,CP,0
13,13442,13442029,BOLÍVAR,MARÍA LA BAJA,CAÑAS,CP,0
13,13442,13442030,BOLÍVAR,MARÍA LA BAJA,CEDRITO,CP,0
13,13442,13442031,BOLÍVAR,MARÍA LA BAJA,EL GUAMO,CP,0
13,13442,13442032,BOLÍVAR,MARÍA LA BAJA,EL LIMÓN,CP,0
13,13442,13442033,BOLÍVAR,MARÍA LA BAJA,FLORIDO VIEJO,CP,0
13,13442,13442034,BOLÍVAR,MARÍA LA BAJA,GUARISMO,CP,0
13,13442,13442035,BOLÍVAR,MARÍA LA BAJA,LA SUPREMA,CP,0
13,13442,13442036,BOLÍVAR,MARÍA LA BAJA,LOS OCHENTA,CP,0
13,13442,13442037,BOLÍVAR,MARÍA LA BAJA,MAJAGUAS,CP,0
13,13442,13442038,BOLÍVAR,MARÍA LA BAJA,MUNDO NUEVO,CP,0
13,13442,13442039,BOLÍVAR,MARÍA LA BAJA,NUEVA JERUSALÉN,CP,0
13,13442,13442040,BOLÍVAR,MARÍA LA BAJA,NUEVO PORVENIR,CP,0
13,13442,13442041,BOLÍVAR,MARÍA LA BAJA,PUERTO SANTANDER,CP,0
13,13442,13442042,BOLÍVAR,MARÍA LA BAJA,SANTAFÉ DE ICOTEA,CP,0
13,13442,13442043,BOLÍVAR,MARÍA LA BAJA,SUCESIÓN,CP,0
13,13442,13442044,BOLÍVAR,MARÍA LA BAJA,TOMA RAZÓN,CP,0
13,13458,13458000,BOLÍVAR,MONTECRISTO,MONTECRISTO,CM,0
13,13458,13458001,BOLÍVAR,MONTECRISTO,BETANIA,C,0
13,13458,13458002,BOLÍVAR,MONTECRISTO,EL DORADO,C,0
13,13458,13458003,BOLÍVAR,MONTECRISTO,PARAÍSO,C,0
13,13458,13458004,BOLÍVAR,MONTECRISTO,PUEBLO LINDO,C,0
13,13458,13458005,BOLÍVAR,MONTECRISTO,PUEBLO NUEVO-REGENCIA,C,0
13,13458,13458006,BOLÍVAR,MONTECRISTO,PUERTO ESPAÑA,C,0
13,13458,13458007,BOLÍVAR,MONTECRISTO,PLATANAL,C,0
13,13458,13458008,BOLÍVAR,MONTECRISTO,SAN AGUSTÍN,C,0
13,13458,13458009,BOLÍVAR,MONTECRISTO,SAN MATEO,C,0
13,13458,13458011,BOLÍVAR,MONTECRISTO,TABURETERA,C,0
13,13458,13458012,BOLÍVAR,MONTECRISTO,VILLA URIBE,C,0
13,13458,13458013,BOLÍVAR,MONTECRISTO,RANGEL,CAS,0
13,13468,13468000,BOLÍVAR,MOMPÓS,MOMPÓS,CM,0
13,13468,13468001,BOLÍVAR,MOMPÓS,CALDERA,C,0
13,13468,13468002,BOLÍVAR,MOMPÓS,CANDELARIA,C,0
13,13468,13468003,BOLÍVAR,MOMPÓS,CARMEN DEL CICUCO,C,0
13,13468,13468008,BOLÍVAR,MOMPÓS,GUAIMARAL,C,0
13,13468,13468009,BOLÍVAR,MOMPÓS,GUATACA,C,0
13,13468,13468010,BOLÍVAR,MOMPÓS,LA JAGUA,C,0
13,13468,13468011,BOLÍVAR,MOMPÓS,LA LOBATA,C,0
13,13468,13468013,BOLÍVAR,MOMPÓS,LA RINCONADA,C,0
13,13468,13468014,BOLÍVAR,MOMPÓS,LAS BOQUILLAS,C,0
13,13468,13468015,BOLÍVAR,MOMPÓS,LOMA DE SIMÓN,C,0
13,13468,13468016,BOLÍVAR,MOMPÓS,LOS PIÑONES,C,0
13,13468,13468020,BOLÍVAR,MOMPÓS,SAN IGNACIO,C,0
13,13468,13468022,BOLÍVAR,MOMPÓS,SAN NICOLÁS,C,0
13,13468,13468023,BOLÍVAR,MOMPÓS,SANTA CRUZ,C,0
13,13468,13468024,BOLÍVAR,MOMPÓS,SANTA ROSA,C,0
13,13468,13468025,BOLÍVAR,MOMPÓS,SANTA TERESITA,C,0
13,13468,13468028,BOLÍVAR,MOMPÓS,ANCÓN,C,0
13,13468,13468030,BOLÍVAR,MOMPÓS,LA TRAVESÍA,C,0
13,13468,13468031,BOLÍVAR,MOMPÓS,PUEBLONUEVO,C,0
13,13468,13468032,BOLÍVAR,MOMPÓS,SAN MARTÍN,C,0
13,13468,13468033,BOLÍVAR,MOMPÓS,BOMBA,C,0
13,13468,13468035,BOLÍVAR,MOMPÓS,EL GUAMO,CAS,0
13,13468,13468036,BOLÍVAR,MOMPÓS,EL ROSARIO,C,0
13,13468,13468037,BOLÍVAR,MOMPÓS,GUÁIMARO,CAS,0
13,13468,13468038,BOLÍVAR,MOMPÓS,SANTA ELENA,C,0
13,13468,13468039,BOLÍVAR,MOMPÓS,SAN LUIS,C,0
13,13468,13468040,BOLÍVAR,MOMPÓS,VILLANUEVA,C,0
13,13468,13468041,BOLÍVAR,MOMPÓS,EL CARMEN,CP,0
13,13473,13473000,BOLÍVAR,MORALES,MORALES,CM,0
13,13473,13473002,BOLÍVAR,MORALES,BODEGA CENTRAL,C,0
13,13473,13473003,BOLÍVAR,MORALES,EL DIQUE,C,0
13,13473,13473004,BOLÍVAR,MORALES,LAS PAILAS,C,0
13,13473,13473012,BOLÍVAR,MORALES,BOCA DE LA HONDA,C,0
13,13473,13473013,BOLÍVAR,MORALES,MICOAHUMADO,C,0
13,13473,13473014,BOLÍVAR,MORALES,PAREDES DE ORORIA,C,0
13,13473,13473015,BOLÍVAR,MORALES,CORCOVADO,C,0
13,13473,13473016,BOLÍVAR,MORALES,LA ESMERALDA,C,0
13,13473,13473017,BOLÍVAR,MORALES,LA PALMA,C,0
13,13473,13473018,BOLÍVAR,MORALES,MINA GALLO,C,0
13,13490,13490000,BOLÍVAR,NOROSÍ,NOROSÍ,CM,0
13,13490,13490001,BOLÍVAR,NOROSÍ,BUENA SEÑA,C,0
13,13490,13490002,BOLÍVAR,NOROSÍ,CASA DE BARRO,C,0
13,13490,13490003,BOLÍVAR,NOROSÍ,LAS NIEVES,CAS,0
13,13490,13490004,BOLÍVAR,NOROSÍ,MINA BRISA,CAS,0
13,13490,13490005,BOLÍVAR,NOROSÍ,MINA ESTRELLA,CAS,0
13,13490,13490006,BOLÍVAR,NOROSÍ,OLIVARES,C,0
13,13490,13490007,BOLÍVAR,NOROSÍ,SANTA ELENA,C,0
13,13549,13549000,BOLÍVAR,PINILLOS,PINILLOS,CM,0
13,13549,13549001,BOLÍVAR,PINILLOS,ARMENIA,C,0
13,13549,13549004,BOLÍVAR,PINILLOS,LA RUFINA,IPD,0
13,13549,13549005,BOLÍVAR,PINILLOS,LA UNIÓN CABECERA,C,0
13,13549,13549006,BOLÍVAR,PINILLOS,LAS CONCHITAS,C,0
13,13549,13549007,BOLÍVAR,PINILLOS,LAS FLORES,C,0
13,13549,13549009,BOLÍVAR,PINILLOS,MANTEQUERA,C,0
13,13549,13549010,BOLÍVAR,PINILLOS,PALENQUITO,C,0
13,13549,13549011,BOLÍVAR,PINILLOS,PALOMINO,C,0
13,13549,13549012,BOLÍVAR,PINILLOS,PUERTO LÓPEZ,C,0
13,13549,13549014,BOLÍVAR,PINILLOS,SANTA COA,C,0
13,13549,13549015,BOLÍVAR,PINILLOS,SANTA ROSA,C,0
13,13549,13549018,BOLÍVAR,PINILLOS,RUFINA NUEVA,C,0
13,13549,13549021,BOLÍVAR,PINILLOS,BUENOS AIRES,C,0
13,13549,13549022,BOLÍVAR,PINILLOS,EL LIBANO,C,0
13,13549,13549023,BOLÍVAR,PINILLOS,LA UNIÓN (TIQUISIO),C,0
13,13549,13549024,BOLÍVAR,PINILLOS,LA VICTORIA,C,0
13,13549,13549025,BOLÍVAR,PINILLOS,LOS LIMONES,C,0
13,13549,13549026,BOLÍVAR,PINILLOS,MONTECELIO,C,0
13,13549,13549027,BOLÍVAR,PINILLOS,NICARAGUA,C,0
13,13549,13549028,BOLÍVAR,PINILLOS,PUERTO BELLO,C,0
13,13549,13549029,BOLÍVAR,PINILLOS,RUFINA PUERTO NUEVO,C,0
13,13549,13549030,BOLÍVAR,PINILLOS,SAN FRANCISCO,C,0
13,13549,13549031,BOLÍVAR,PINILLOS,SANTA ELENA,C,0
13,13549,13549032,BOLÍVAR,PINILLOS,TAPOA,C,0
13,13549,13549033,BOLÍVAR,PINILLOS,VIDA TRANQUILA,C,0
13,13580,13580000,BOLÍVAR,REGIDOR,REGIDOR,CM,0
13,13580,13580001,BOLÍVAR,REGIDOR,PIÑAL,CAS,0
13,13580,13580004,BOLÍVAR,REGIDOR,SAN ANTONIO,C,0
13,13580,13580005,BOLÍVAR,REGIDOR,SAN CAYETANO,C,0
13,13580,13580007,BOLÍVAR,REGIDOR,SANTA TERESA,C,0
13,13600,13600000,BOLÍVAR,RÍO VIEJO,RÍO VIEJO,CM,0
13,13600,13600007,BOLÍVAR,RÍO VIEJO,CAIMITAL,CP,0
13,13600,13600009,BOLÍVAR,RÍO VIEJO,COBADILLO,CP,0
13,13600,13600010,BOLÍVAR,RÍO VIEJO,HATILLO,CP,0
13,13600,13600011,BOLÍVAR,RÍO VIEJO,MACEDONIA,CP,0
13,13620,13620000,BOLÍVAR,SAN CRISTÓBAL,SAN CRISTÓBAL,CM,0
13,13620,13620001,BOLÍVAR,SAN CRISTÓBAL,HIGUERETAL,C,0
13,13620,13620002,BOLÍVAR,SAN CRISTÓBAL,LAS CRUCES,CAS,0
13,13647,13647000,BOLÍVAR,SAN ESTANISLAO,SAN ESTANISLAO DE KOSTKA,CM,0
13,13647,13647001,BOLÍVAR,SAN ESTANISLAO,BAYANO,C,0
13,13647,13647002,BOLÍVAR,SAN ESTANISLAO,LAS PIEDRAS,C,0
13,13650,13650000,BOLÍVAR,SAN FERNANDO,SAN FERNANDO,CM,0
13,13650,13650001,BOLÍVAR,SAN FERNANDO,GUASIMAL,C,0
13,13650,13650002,BOLÍVAR,SAN FERNANDO,MENCHIQUEJO,C,0
13,13650,13650004,BOLÍVAR,SAN FERNANDO,PUNTA DE HORNOS,C,0
13,13650,13650005,BOLÍVAR,SAN FERNANDO,SANTA ROSA,C,0
13,13650,13650006,BOLÍVAR,SAN FERNANDO,EL PALMAR,C,0
13,13650,13650008,BOLÍVAR,SAN FERNANDO,EL PORVENIR,C,0
13,13650,13650009,BOLÍVAR,SAN FERNANDO,CUATRO BOCAS,CAS,0
13,13650,13650010,BOLÍVAR,SAN FERNANDO,EL CONTADERO,C,0
13,13650,13650011,BOLÍVAR,SAN FERNANDO,EL GATO,C,0
13,13650,13650012,BOLÍVAR,SAN FERNANDO,EL JOLÓN,C,0
13,13650,13650013,BOLÍVAR,SAN FERNANDO,LA GUADUA,C,0
13,13650,13650014,BOLÍVAR,SAN FERNANDO,LAS CUEVAS,C,0
13,13650,13650015,BOLÍVAR,SAN FERNANDO,PAMPANILLO,C,0
13,13654,13654000,BOLÍVAR,SAN JACINTO,SAN JACINTO,CM,0
13,13654,13654001,BOLÍVAR,SAN JACINTO,ARENAS,C,0
13,13654,13654002,BOLÍVAR,SAN JACINTO,BAJO GRANDE,C,0
13,13654,13654003,BOLÍVAR,SAN JACINTO,LAS PALMAS,C,0
13,13654,13654005,BOLÍVAR,SAN JACINTO,SAN CRISTÓBAL,C,0
13,13654,13654006,BOLÍVAR,SAN JACINTO,LAS CHARQUITAS,C,0
13,13654,13654007,BOLÍVAR,SAN JACINTO,PARAÍSO,C,0
13,13654,13654008,BOLÍVAR,SAN JACINTO,LAS MERCEDES,CAS,0
13,13654,13654009,BOLÍVAR,SAN JACINTO,VILLA ALEGRÍA,CAS,0
13,13655,13655000,BOLÍVAR,SAN JACINTO DEL CAUCA,SAN JACINTO DEL CAUCA,CM,0
13,13655,13655001,BOLÍVAR,SAN JACINTO DEL CAUCA,TENCHE,C,0
13,13655,13655002,BOLÍVAR,SAN JACINTO DEL CAUCA,BERMÚDEZ,C,0
13,13655,13655003,BOLÍVAR,SAN JACINTO DEL CAUCA,CAIMITAL,C,0
13,13655,13655004,BOLÍVAR,SAN JACINTO DEL CAUCA,LA RAYA,C,0
13,13655,13655005,BOLÍVAR,SAN JACINTO DEL CAUCA,GALINDO,C,0
13,13655,13655006,BOLÍVAR,SAN JACINTO DEL CAUCA,MÉJICO,C,0
13,13655,13655007,BOLÍVAR,SAN JACINTO DEL CAUCA,ASTILLEROS,C,0
13,13657,13657000,BOLÍVAR,SAN JUAN NEPOMUCENO,SAN JUAN NEPOMUCENO,CM,0
13,13657,13657001,BOLÍVAR,SAN JUAN NEPOMUCENO,CORRALITO,C,0
13,13657,13657002,BOLÍVAR,SAN JUAN NEPOMUCENO,LA HAYA,C,0
13,13657,13657003,BOLÍVAR,SAN JUAN NEPOMUCENO,SAN JOSÉ DEL PEÑÓN (LAS PORQUERAS),C,0
13,13657,13657004,BOLÍVAR,SAN JUAN NEPOMUCENO,SAN AGUSTÍN,C,0
13,13657,13657005,BOLÍVAR,SAN JUAN NEPOMUCENO,SAN CAYETANO,C,0
13,13657,13657006,BOLÍVAR,SAN JUAN NEPOMUCENO,SAN PEDRO CONSOLADO,C,0
13,13667,13667000,BOLÍVAR,SAN MARTÍN DE LOBA,SAN MARTÍN DE LOBA,CM,0
13,13667,13667002,BOLÍVAR,SAN MARTÍN DE LOBA,CHIMI,C,0
13,13667,13667009,BOLÍVAR,SAN MARTÍN DE LOBA,PAPAYAL,C,0
13,13667,13667010,BOLÍVAR,SAN MARTÍN DE LOBA,LAS PLAYITAS,C,0
13,13667,13667014,BOLÍVAR,SAN MARTÍN DE LOBA,PUEBLO NUEVO CERRO DE JULIO,C,0
13,13667,13667015,BOLÍVAR,SAN MARTÍN DE LOBA,EL JOBO,C,0
13,13667,13667016,BOLÍVAR,SAN MARTÍN DE LOBA,EL VARAL,C,0
13,13670,13670000,BOLÍVAR,SAN PABLO,SAN PABLO,CM,0
13,13670,13670002,BOLÍVAR,SAN PABLO,CANALETAL,C,0
13,13670,13670003,BOLÍVAR,SAN PABLO,SANTO DOMINGO,C,0
13,13670,13670004,BOLÍVAR,SAN PABLO,EL CARMEN,C,0
13,13670,13670007,BOLÍVAR,SAN PABLO,POZO AZUL,C,0
13,13670,13670008,BOLÍVAR,SAN PABLO,SAN JUAN ALTO,C,0
13,13670,13670009,BOLÍVAR,SAN PABLO,CAÑABRAVAL,C,0
13,13670,13670010,BOLÍVAR,SAN PABLO,AGUASUCIA,CP,0
13,13670,13670011,BOLÍVAR,SAN PABLO,CERRO AZUL,CP,0
13,13670,13670012,BOLÍVAR,SAN PABLO,VALLECITO,CP,0
13,13670,13670013,BOLÍVAR,SAN PABLO,VILLANUEVA,CP,0
13,13670,13670014,BOLÍVAR,SAN PABLO,LA VIRGENCITA,CP,0
13,13670,13670015,BOLÍVAR,SAN PABLO,CAÑABRAVAL BAJO,C,0
13,13670,13670016,BOLÍVAR,SAN PABLO,CUCU,C,0
13,13670,13670017,BOLÍVAR,SAN PABLO,EL ROSARIO,C,0
13,13670,13670018,BOLÍVAR,SAN PABLO,LA FRÍA,C,0
13,13670,13670019,BOLÍVAR,SAN PABLO,LA UNIÓN,C,0
13,13670,13670020,BOLÍVAR,SAN PABLO,LOS CAGUISES,C,0
13,13670,13670021,BOLÍVAR,SAN PABLO,PATIO BONITO,C,0
13,13673,13673000,BOLÍVAR,SANTA CATALINA,SANTA CATALINA,CM,0
13,13673,13673003,BOLÍVAR,SANTA CATALINA,GALERAZAMBA,C,0
13,13673,13673005,BOLÍVAR,SANTA CATALINA,LOMA DE ARENA,C,0
13,13673,13673006,BOLÍVAR,SANTA CATALINA,PUEBLO NUEVO,C,0
13,13673,13673007,BOLÍVAR,SANTA CATALINA,COLORADO,C,0
13,13683,13683000,BOLÍVAR,SANTA ROSA,SANTA ROSA DE LIMA,CM,0
13,13688,13688000,BOLÍVAR,SANTA ROSA DEL SUR,SANTA ROSA DEL SUR,CM,0
13,13688,13688002,BOLÍVAR,SANTA ROSA DEL SUR,BUENAVISTA,C,0
13,13688,13688005,BOLÍVAR,SANTA ROSA DEL SUR,FÁTIMA,C,0
13,13688,13688007,BOLÍVAR,SANTA ROSA DEL SUR,CANELOS,C,0
13,13688,13688009,BOLÍVAR,SANTA ROSA DEL SUR,SAN JOSÉ,C,0
13,13688,13688011,BOLÍVAR,SANTA ROSA DEL SUR,SAN LUCAS,C,0
13,13688,13688013,BOLÍVAR,SANTA ROSA DEL SUR,VILLA FLOR,C,0
13,13688,13688014,BOLÍVAR,SANTA ROSA DEL SUR,ARRAYANES,CP,0
13,13688,13688015,BOLÍVAR,SANTA ROSA DEL SUR,SAN FRANCISCO,CP,0
13,13688,13688016,BOLÍVAR,SANTA ROSA DEL SUR,SAN ISIDRO,CP,0
13,13688,13688018,BOLÍVAR,SANTA ROSA DEL SUR,SAN JUAN,C,0
13,13688,13688019,BOLÍVAR,SANTA ROSA DEL SUR,SANTA ISABEL,C,0
13,13744,13744000,BOLÍVAR,SIMITÍ,SIMITÍ,CM,0
13,13744,13744001,BOLÍVAR,SIMITÍ,CAMPO PALLARES,C,0
13,13744,13744006,BOLÍVAR,SIMITÍ,VERACRUZ,C,0
13,13744,13744007,BOLÍVAR,SIMITÍ,SAN BLAS,C,0
13,13744,13744008,BOLÍVAR,SIMITÍ,SAN LUIS,C,0
13,13744,13744010,BOLÍVAR,SIMITÍ,LAS BRISAS,C,0
13,13744,13744011,BOLÍVAR,SIMITÍ,MONTERREY,C,0
13,13744,13744013,BOLÍVAR,SIMITÍ,ANIMAS ALTAS,CP,0
13,13744,13744014,BOLÍVAR,SIMITÍ,ANIMAS BAJAS,CP,0
13,13744,13744015,BOLÍVAR,SIMITÍ,DIAMANTE,CP,0
13,13744,13744016,BOLÍVAR,SIMITÍ,GARZAL,CP,0
13,13744,13744017,BOLÍVAR,SIMITÍ,PARAÍSO,CP,0
13,13744,13744018,BOLÍVAR,SIMITÍ,PAREDES DE ORORIA,CP,0
13,13744,13744019,BOLÍVAR,SIMITÍ,SAN JOAQUÍN,CP,0
13,13744,13744020,BOLÍVAR,SIMITÍ,SANTA LUCÍA,CP,0
13,13760,13760000,BOLÍVAR,SOPLAVIENTO,SOPLAVIENTO,CM,0
13,13780,13780000,BOLÍVAR,TALAIGUA NUEVO,TALAIGUA NUEVO,CM,0
13,13780,13780005,BOLÍVAR,TALAIGUA NUEVO,CAÑOHONDO,C,0
13,13780,13780009,BOLÍVAR,TALAIGUA NUEVO,PORVENIR,C,0
13,13780,13780011,BOLÍVAR,TALAIGUA NUEVO,VESUBIO,C,0
13,13780,13780015,BOLÍVAR,TALAIGUA NUEVO,LAS MARÍAS,C,0
13,13780,13780017,BOLÍVAR,TALAIGUA NUEVO,PATICO,C,0
13,13780,13780023,BOLÍVAR,TALAIGUA NUEVO,TALAIGUA VIEJO,C,0
13,13780,13780024,BOLÍVAR,TALAIGUA NUEVO,LADERA DE SAN MARTÍN,C,0
13,13780,13780025,BOLÍVAR,TALAIGUA NUEVO,PEÑÓN DE DURÁN,C,0
13,13780,13780026,BOLÍVAR,TALAIGUA NUEVO,LOS MANGOS,C,0
13,13780,13780027,BOLÍVAR,TALAIGUA NUEVO,TUPE,C,0
13,13810,13810000,BOLÍVAR,TIQUISIO,PUERTO RICO,CM,0
13,13810,13810001,BOLÍVAR,TIQUISIO,AGUAS NEGRAS,C,0
13,13810,13810002,BOLÍVAR,TIQUISIO,BOCAS DE SOLIS,C,0
13,13810,13810003,BOLÍVAR,TIQUISIO,COLORADO,C,0
13,13810,13810004,BOLÍVAR,TIQUISIO,DOS BOCAS,C,0
13,13810,13810005,BOLÍVAR,TIQUISIO,EL SUDÁN,C,0
13,13810,13810006,BOLÍVAR,TIQUISIO,LA VENTURA,C,0
13,13810,13810007,BOLÍVAR,TIQUISIO,PALMA ESTERAL,C,0
13,13810,13810008,BOLÍVAR,TIQUISIO,PUERTO COCA,C,0
13,13810,13810009,BOLÍVAR,TIQUISIO,QUEBRADA DEL MEDIO,C,0
13,13810,13810010,BOLÍVAR,TIQUISIO,SABANAS DEL FIRME,C,0
13,13810,13810011,BOLÍVAR,TIQUISIO,TIQUISIO NUEVO,C,0
13,13836,13836000,BOLÍVAR,TURBACO,TURBACO,CM,0
13,13836,13836001,BOLÍVAR,TURBACO,CAÑAVERAL,C,0
13,13836,13836002,BOLÍVAR,TURBACO,SAN JOSÉ DE CHIQUITO,C,0
13,13838,13838000,BOLÍVAR,TURBANÁ,TURBANÁ,CM,0
13,13838,13838001,BOLÍVAR,TURBANÁ,BALLESTAS,C,0
13,13838,13838002,BOLÍVAR,TURBANÁ,EL COBADO (EL PUEBLITO),C,0
13,13873,13873000,BOLÍVAR,VILLANUEVA,VILLANUEVA,CM,0
13,13873,13873001,BOLÍVAR,VILLANUEVA,ZIPACOA,C,0
13,13894,13894000,BOLÍVAR,ZAMBRANO,ZAMBRANO,CM,0
47,47001,47001000,MAGDALENA,SANTA MARTA,SANTA MARTA,CM,0
47,47001,47001001,MAGDALENA,SANTA MARTA,BONDA,C,0
47,47001,47001002,MAGDALENA,SANTA MARTA,CALABAZO,CAS,0
47,47001,47001003,MAGDALENA,SANTA MARTA,DON DIEGO,CP,0
47,47001,47001006,MAGDALENA,SANTA MARTA,GUACHACA,C,0
47,47001,47001009,MAGDALENA,SANTA MARTA,MINCA,C,0
47,47001,47001010,MAGDALENA,SANTA MARTA,TAGANGA,C,0
47,47001,47001011,MAGDALENA,SANTA MARTA,BURITACA,CAS,0
47,47001,47001013,MAGDALENA,SANTA MARTA,TIGRERA,CAS,0
47,47001,47001022,MAGDALENA,SANTA MARTA,CABAÑAS DE BURITACA,CAS,0
47,47001,47001023,MAGDALENA,SANTA MARTA,CAÑAVERAL (AGUA FRÍA),CAS,0
47,47001,47001024,MAGDALENA,SANTA MARTA,LAS COLINAS DE CALABAZO,CAS,0
47,47001,47001025,MAGDALENA,SANTA MARTA,CURVALITO,CAS,0
47,47001,47001026,MAGDALENA,SANTA MARTA,GUACOCHE (LA LLANTA),CAS,0
47,47001,47001027,MAGDALENA,SANTA MARTA,MARKETALIA (PALOMINITO),CAS,0
47,47001,47001028,MAGDALENA,SANTA MARTA,PAZ DEL CARIBE,CAS,0
47,47001,47001029,MAGDALENA,SANTA MARTA,PERICO AGUAO,CAS,0
47,47001,47001031,MAGDALENA,SANTA MARTA,LA OLLA,CP,0
47,47001,47001032,MAGDALENA,SANTA MARTA,LA REVUELTA,CP,0
47,47001,47001034,MAGDALENA,SANTA MARTA,EL TROMPITO,CP,0
47,47001,47001035,MAGDALENA,SANTA MARTA,LA AGUACATERA,CP,0
47,47001,47001036,MAGDALENA,SANTA MARTA,MACHETE PELAO,CP,0
47,47001,47001038,MAGDALENA,SANTA MARTA,VALLE DE GAIRA,CP,0
47,47030,47030000,MAGDALENA,ALGARROBO,ALGARROBO,CM,0
47,47030,47030001,MAGDALENA,ALGARROBO,BELLA VISTA,C,0
47,47030,47030002,MAGDALENA,ALGARROBO,ESTACIÓN DEL FERROCARRIL,CAS,0
47,47030,47030003,MAGDALENA,ALGARROBO,ESTACIÓN LLERAS,C,0
47,47030,47030004,MAGDALENA,ALGARROBO,LOMA DEL BÁLSAMO,C,0
47,47030,47030005,MAGDALENA,ALGARROBO,ESTACION ALGARROBO,CAS,0
47,47053,47053000,MAGDALENA,ARACATACA,ARACATACA,CM,0
47,47053,47053001,MAGDALENA,ARACATACA,BUENOS AIRES,C,0
47,47053,47053008,MAGDALENA,ARACATACA,SANTA ANA,CAS,0
47,47053,47053011,MAGDALENA,ARACATACA,CAUCA,CAS,0
47,47053,47053013,MAGDALENA,ARACATACA,SAMPUÉS,C,0
47,47058,47058000,MAGDALENA,ARIGUANÍ,EL DIFICIL,CM,0
47,47058,47058001,MAGDALENA,ARIGUANÍ,ALEJANDRÍA,C,0
47,47058,47058003,MAGDALENA,ARIGUANÍ,PUEBLO NUEVO,C,0
47,47058,47058005,MAGDALENA,ARIGUANÍ,SAN JOSÉ DE ARIGUANÍ,C,0
47,47058,47058008,MAGDALENA,ARIGUANÍ,VADELCO,C,0
47,47058,47058009,MAGDALENA,ARIGUANÍ,CARMEN DE ARIGUANÍ,C,0
47,47161,47161000,MAGDALENA,CERRO DE SAN ANTONIO,CERRO DE SAN ANTONIO,CM,0
47,47161,47161002,MAGDALENA,CERRO DE SAN ANTONIO,CANDELARIA (CAIMÁN),C,0
47,47161,47161003,MAGDALENA,CERRO DE SAN ANTONIO,CONCEPCIÓN (COCO),C,0
47,47161,47161005,MAGDALENA,CERRO DE SAN ANTONIO,JESÚS DEL MONTE (MICO),C,0
47,47161,47161006,MAGDALENA,CERRO DE SAN ANTONIO,PUERTO NIÑO (CHARANGA),IP,0
47,47170,47170000,MAGDALENA,CHIVOLO,CHIVOLO,CM,0
47,47170,47170001,MAGDALENA,CHIVOLO,LA CHINA,C,0
47,47170,47170002,MAGDALENA,CHIVOLO,PUEBLO NUEVO,C,0
47,47170,47170003,MAGDALENA,CHIVOLO,LA ESTRELLA,C,0
47,47189,47189000,MAGDALENA,CIÉNAGA,CIÉNAGA,CM,0
47,47189,47189004,MAGDALENA,CIÉNAGA,SAN PEDRO DE LA SIERRA,C,0
47,47189,47189006,MAGDALENA,CIÉNAGA,SEVILLANO,C,0
47,47189,47189018,MAGDALENA,CIÉNAGA,PALMOR,C,0
47,47189,47189022,MAGDALENA,CIÉNAGA,CORDOBITA,C,0
47,47189,47189023,MAGDALENA,CIÉNAGA,SIBERIA,C,0
47,47189,47189024,MAGDALENA,CIÉNAGA,LA ISABEL,C,0
47,47189,47189025,MAGDALENA,CIÉNAGA,MAYA,CAS,0
47,47189,47189026,MAGDALENA,CIÉNAGA,SAN JAVIER,CAS,0
47,47205,47205000,MAGDALENA,CONCORDIA,CONCORDIA,CM,0
47,47205,47205001,MAGDALENA,CONCORDIA,BÁLSAMO,C,0
47,47205,47205002,MAGDALENA,CONCORDIA,BELLAVISTA,C,0
47,47205,47205003,MAGDALENA,CONCORDIA,ROSARIO DEL CHENGUE,C,0
47,47245,47245000,MAGDALENA,EL BANCO,EL BANCO,CM,0
47,47245,47245001,MAGDALENA,EL BANCO,AGUAESTRADA,C,0
47,47245,47245002,MAGDALENA,EL BANCO,ALGARROBAL,C,0
47,47245,47245003,MAGDALENA,EL BANCO,EL BARRANCO DE CHILLOA,C,0
47,47245,47245004,MAGDALENA,EL BANCO,LOS NEGRITOS,C,0
47,47245,47245005,MAGDALENA,EL BANCO,BELÉN,C,0
47,47245,47245006,MAGDALENA,EL BANCO,CAÑO DE PALMA,C,0
47,47245,47245007,MAGDALENA,EL BANCO,EL CERRITO,C,0
47,47245,47245008,MAGDALENA,EL BANCO,EL TRÉBOL,C,0
47,47245,47245010,MAGDALENA,EL BANCO,MENCHIQUEJO,C,0
47,47245,47245011,MAGDALENA,EL BANCO,HATILLO DE LA SABANA,C,0
47,47245,47245012,MAGDALENA,EL BANCO,SAN JOSÉ,C,0
47,47245,47245013,MAGDALENA,EL BANCO,SAN ROQUE,C,0
47,47245,47245014,MAGDALENA,EL BANCO,TAMALAMEQUITO,C,0
47,47245,47245016,MAGDALENA,EL BANCO,SAN FELIPE Y SAN EDUARDO,C,0
47,47245,47245018,MAGDALENA,EL BANCO,GUACAMAYAL,CAS,0
47,47245,47245019,MAGDALENA,EL BANCO,MALPICA,CAS,0
47,47245,47245020,MAGDALENA,EL BANCO,GARZÓN,CAS,0
47,47245,47245021,MAGDALENA,EL BANCO,CAIMANERA,CAS,0
47,47245,47245022,MAGDALENA,EL BANCO,ISLITAS,CAS,0
47,47245,47245025,MAGDALENA,EL BANCO,BOTILLERO,CAS,0
47,47245,47245026,MAGDALENA,EL BANCO,LOS MAMONES,CAS,0
47,47245,47245028,MAGDALENA,EL BANCO,PUEBLO NUEVO,CAS,0
47,47245,47245032,MAGDALENA,EL BANCO,MATA DE CAÑA,CAS,0
47,47245,47245033,MAGDALENA,EL BANCO,EL CEDRO,C,0
47,47258,47258000,MAGDALENA,EL PIÑÓN,EL PIÑÓN,CM,0
47,47258,47258001,MAGDALENA,EL PIÑÓN,CAMPO ALEGRE,C,0
47,47258,47258002,MAGDALENA,EL PIÑÓN,CANTAGALLAR,C,0
47,47258,47258003,MAGDALENA,EL PIÑÓN,CARRETO,C,0
47,47258,47258004,MAGDALENA,EL PIÑÓN,PLAYÓN DE OROZCO,C,0
47,47258,47258005,MAGDALENA,EL PIÑÓN,SABANAS,C,0
47,47258,47258006,MAGDALENA,EL PIÑÓN,SAN BASILIO,C,0
47,47258,47258007,MAGDALENA,EL PIÑÓN,TIO GOLLO,C,0
47,47258,47258009,MAGDALENA,EL PIÑÓN,VERANILLO,C,0
47,47258,47258010,MAGDALENA,EL PIÑÓN,LOS PATOS,CAS,0
47,47258,47258011,MAGDALENA,EL PIÑÓN,VÁSQUEZ,C,0
47,47258,47258012,MAGDALENA,EL PIÑÓN,LAS PALMAS,CAS,0
47,47258,47258013,MAGDALENA,EL PIÑÓN,LAS PAVITAS,CAS,0
47,47268,47268000,MAGDALENA,EL RETÉN,EL RETÉN,CM,0
47,47268,47268001,MAGDALENA,EL RETÉN,SAN SEBASTIAN DEL BONGO,C,0
47,47268,47268002,MAGDALENA,EL RETÉN,LA COLOMBIA,C,0
47,47268,47268003,MAGDALENA,EL RETÉN,LAS FLORES,C,0
47,47268,47268006,MAGDALENA,EL RETÉN,LA POLVORITA,CAS,0
47,47268,47268007,MAGDALENA,EL RETÉN,PARATE BIEN,CAS,0
47,47268,47268008,MAGDALENA,EL RETÉN,SAN JOSÉ DE HONDURAS,CAS,0
47,47288,47288000,MAGDALENA,FUNDACIÓN,FUNDACIÓN,CM,0
47,47288,47288003,MAGDALENA,FUNDACIÓN,DOÑA MARÍA,C,0
47,47288,47288004,MAGDALENA,FUNDACIÓN,SANTA ROSA,C,0
47,47288,47288013,MAGDALENA,FUNDACIÓN,SANTA CLARA,C,0
47,47288,47288014,MAGDALENA,FUNDACIÓN,EL CINCUENTA,CAS,0
47,47318,47318000,MAGDALENA,GUAMAL,GUAMAL,CM,0
47,47318,47318001,MAGDALENA,GUAMAL,CASA DE TABLA,C,0
47,47318,47318002,MAGDALENA,GUAMAL,GUAIMARAL,C,0
47,47318,47318003,MAGDALENA,GUAMAL,HATOVIEJO,C,0
47,47318,47318004,MAGDALENA,GUAMAL,PEDREGOSA,C,0
47,47318,47318005,MAGDALENA,GUAMAL,LOS ANDES,C,0
47,47318,47318006,MAGDALENA,GUAMAL,MURILLO,C,0
47,47318,47318007,MAGDALENA,GUAMAL,PAM PAN,C,0
47,47318,47318008,MAGDALENA,GUAMAL,RICAURTE,C,0
47,47318,47318009,MAGDALENA,GUAMAL,SALVADORA,C,0
47,47318,47318010,MAGDALENA,GUAMAL,HURQUIJO,C,0
47,47318,47318011,MAGDALENA,GUAMAL,PLAYAS BLANCAS,C,0
47,47318,47318012,MAGDALENA,GUAMAL,SITIO NUEVO,C,0
47,47318,47318013,MAGDALENA,GUAMAL,CARRETERO,CAS,0
47,47318,47318014,MAGDALENA,GUAMAL,BELLAVISTA,C,0
47,47318,47318015,MAGDALENA,GUAMAL,GUACAMAYAL,CAS,0
47,47318,47318016,MAGDALENA,GUAMAL,SANTA TERESITA,C,0
47,47318,47318017,MAGDALENA,GUAMAL,SAN PEDRO,C,0
47,47318,47318018,MAGDALENA,GUAMAL,LAS FLORES,C,0
47,47318,47318019,MAGDALENA,GUAMAL,SAN ANTONIO,C,0
47,47318,47318020,MAGDALENA,GUAMAL,LA CEIBA,C,0
47,47318,47318021,MAGDALENA,GUAMAL,PAJARAL,C,0
47,47318,47318022,MAGDALENA,GUAMAL,PARACO,C,0
47,47318,47318023,MAGDALENA,GUAMAL,SAN ISIDRO,C,0
47,47318,47318024,MAGDALENA,GUAMAL,VILLA NUEVA,C,0
47,47318,47318025,MAGDALENA,GUAMAL,EL VEINTIOCHO,CAS,0
47,47318,47318026,MAGDALENA,GUAMAL,PUEBLO NUEVO,CAS,0
47,47460,47460000,MAGDALENA,NUEVA GRANADA,GRANADA,CM,0
47,47460,47460001,MAGDALENA,NUEVA GRANADA,EL BAJO,C,0
47,47460,47460002,MAGDALENA,NUEVA GRANADA,LA GLORIA,C,0
47,47460,47460003,MAGDALENA,NUEVA GRANADA,LAS TINAS,C,0
47,47460,47460004,MAGDALENA,NUEVA GRANADA,LOS ANDES,C,0
47,47460,47460006,MAGDALENA,NUEVA GRANADA,SAN JOSÉ DE BALLESTERO,C,0
47,47541,47541000,MAGDALENA,PEDRAZA,PEDRAZA,CM,0
47,47541,47541001,MAGDALENA,PEDRAZA,BAHÍA HONDA,C,0
47,47541,47541003,MAGDALENA,PEDRAZA,BOMBA,C,0
47,47541,47541007,MAGDALENA,PEDRAZA,GUAQUIRÍ,C,0
47,47541,47541008,MAGDALENA,PEDRAZA,HEREDIA,C,0
47,47545,47545000,MAGDALENA,PIJIÑO DEL CARMEN,PIJIÑO,CM,0
47,47545,47545001,MAGDALENA,PIJIÑO DEL CARMEN,CABRERA,C,0
47,47545,47545002,MAGDALENA,PIJIÑO DEL CARMEN,FILADELFIA,C,0
47,47545,47545003,MAGDALENA,PIJIÑO DEL CARMEN,SAN JOSÉ DE PREVENCIÓN,C,0
47,47545,47545004,MAGDALENA,PIJIÑO DEL CARMEN,CASA BLANCA,C,0
47,47545,47545005,MAGDALENA,PIJIÑO DEL CARMEN,LA LUCHA,C,0
47,47545,47545006,MAGDALENA,PIJIÑO DEL CARMEN,LAS PLANADAS,C,0
47,47545,47545007,MAGDALENA,PIJIÑO DEL CARMEN,EL DIVIDIVI,C,0
47,47545,47545008,MAGDALENA,PIJIÑO DEL CARMEN,EL BRILLANTE,C,0
47,47545,47545009,MAGDALENA,PIJIÑO DEL CARMEN,LAS MARÍAS,C,0
47,47551,47551000,MAGDALENA,PIVIJAY,PIVIJAY,CM,0
47,47551,47551001,MAGDALENA,PIVIJAY,LA AVIANCA,C,0
47,47551,47551002,MAGDALENA,PIVIJAY,CARABALLO,C,0
47,47551,47551003,MAGDALENA,PIVIJAY,CHINOBLAS,C,0
47,47551,47551005,MAGDALENA,PIVIJAY,SAN JOSÉ DE LA MONTAÑA(GARRAPATA),C,0
47,47551,47551006,MAGDALENA,PIVIJAY,LAS CANOAS,C,0
47,47551,47551007,MAGDALENA,PIVIJAY,LAS PIEDRAS,C,0
47,47551,47551008,MAGDALENA,PIVIJAY,MEDIALUNA,C,0
47,47551,47551010,MAGDALENA,PIVIJAY,CARMEN DEL MAGDALENA (PARACO),C,0
47,47551,47551011,MAGDALENA,PIVIJAY,PARAÍSO,C,0
47,47551,47551012,MAGDALENA,PIVIJAY,PIÑUELAS,C,0
47,47551,47551013,MAGDALENA,PIVIJAY,PLACITAS,C,0
47,47551,47551015,MAGDALENA,PIVIJAY,SALAMINITA,C,0
47,47555,47555000,MAGDALENA,PLATO,PLATO,CM,0
47,47555,47555001,MAGDALENA,PLATO,APURE,C,0
47,47555,47555002,MAGDALENA,PLATO,CARMEN DEL MAGDALENA,C,0
47,47555,47555005,MAGDALENA,PLATO,ZARATE,C,0
47,47555,47555006,MAGDALENA,PLATO,AGUAS VIVAS,C,0
47,47555,47555007,MAGDALENA,PLATO,CIÉNEGUETA,C,0
47,47555,47555008,MAGDALENA,PLATO,CERRO GRANDE,C,0
47,47555,47555011,MAGDALENA,PLATO,SAN JOSÉ DEL PURGATORIO,C,0
47,47555,47555015,MAGDALENA,PLATO,DISCIPLINA,C,0
47,47555,47555017,MAGDALENA,PLATO,SAN ANTONIO DEL RÍO,C,0
47,47555,47555018,MAGDALENA,PLATO,BUENA VISTA,C,0
47,47555,47555020,MAGDALENA,PLATO,LOS POZOS,C,0
47,47555,47555021,MAGDALENA,PLATO,EL BAJO,C,0
47,47570,47570000,MAGDALENA,PUEBLOVIEJO,PUEBLOVIEJO,CM,0
47,47570,47570001,MAGDALENA,PUEBLOVIEJO,BOCAS DE ARACATACA,C,0
47,47570,47570002,MAGDALENA,PUEBLOVIEJO,ISLA DEL ROSARIO,C,0
47,47570,47570003,MAGDALENA,PUEBLOVIEJO,PALMIRA,C,0
47,47570,47570004,MAGDALENA,PUEBLOVIEJO,TASAJERA,C,0
47,47570,47570005,MAGDALENA,PUEBLOVIEJO,TIERRA NUEVA,CAS,0
47,47570,47570007,MAGDALENA,PUEBLOVIEJO,EL TRIUNFO,CAS,0
47,47570,47570008,MAGDALENA,PUEBLOVIEJO,ISLA DE CATAQUITA,CAS,0
47,47570,47570009,MAGDALENA,PUEBLOVIEJO,NUEVA FRONTERA,CAS,0
47,47570,47570010,MAGDALENA,PUEBLOVIEJO,SAN JUAN DE PALOS PRIETOS (LA MONTAÑA),C,0
47,47605,47605000,MAGDALENA,REMOLINO,REMOLINO,CM,0
47,47605,47605002,MAGDALENA,REMOLINO,CORRAL VIEJO,C,0
47,47605,47605003,MAGDALENA,REMOLINO,EL DIVIDIVI,C,0
47,47605,47605004,MAGDALENA,REMOLINO,SAN RAFAEL DE BUENAVISTA,C,0
47,47605,47605005,MAGDALENA,REMOLINO,SANTA RITA,C,0
47,47605,47605006,MAGDALENA,REMOLINO,EL SALAO,C,0
47,47605,47605007,MAGDALENA,REMOLINO,MARTINETE,C,0
47,47605,47605008,MAGDALENA,REMOLINO,LAS CASITAS,C,0
47,47660,47660000,MAGDALENA,SABANAS DE SAN ÁNGEL,SAN ÁNGEL,CM,0
47,47660,47660002,MAGDALENA,SABANAS DE SAN ÁNGEL,CASA DE TABLA,C,0
47,47660,47660003,MAGDALENA,SABANAS DE SAN ÁNGEL,CESPEDES,C,0
47,47660,47660005,MAGDALENA,SABANAS DE SAN ÁNGEL,FLORES DE MARÍA,C,0
47,47660,47660007,MAGDALENA,SABANAS DE SAN ÁNGEL,LA HORQUETA,C,0
47,47660,47660009,MAGDALENA,SABANAS DE SAN ÁNGEL,LAS MULAS (SAN ROQUE),C,0
47,47660,47660011,MAGDALENA,SABANAS DE SAN ÁNGEL,PUEBLITO DE LOS BARRIOS,C,0
47,47660,47660013,MAGDALENA,SABANAS DE SAN ÁNGEL,ESTACIÓN VILLA,C,0
47,47660,47660014,MAGDALENA,SABANAS DE SAN ÁNGEL,MONTERRUBIO,C,0
47,47660,47660015,MAGDALENA,SABANAS DE SAN ÁNGEL,PARAPETO,CAS,0
47,47675,47675000,MAGDALENA,SALAMINA,SALAMINA,CM,0
47,47675,47675001,MAGDALENA,SALAMINA,GUÁIMARO,C,0
47,47675,47675005,MAGDALENA,SALAMINA,EL SALAO,CAS,0
47,47675,47675006,MAGDALENA,SALAMINA,LA LOMA,CAS,0
47,47692,47692000,MAGDALENA,SAN SEBASTIÁN DE BUENAVISTA,SAN SEBASTIÁN DE BUENAVISTA,CM,0
47,47692,47692001,MAGDALENA,SAN SEBASTIÁN DE BUENAVISTA,BUENAVISTA,C,0
47,47692,47692002,MAGDALENA,SAN SEBASTIÁN DE BUENAVISTA,EL COCO,C,0
47,47692,47692003,MAGDALENA,SAN SEBASTIÁN DE BUENAVISTA,LA PACHA,C,0
47,47692,47692004,MAGDALENA,SAN SEBASTIÁN DE BUENAVISTA,LAS MARGARITAS,C,0
47,47692,47692005,MAGDALENA,SAN SEBASTIÁN DE BUENAVISTA,LOS GALVIS,C,0
47,47692,47692006,MAGDALENA,SAN SEBASTIÁN DE BUENAVISTA,MARÍA ANTONIA,C,0
47,47692,47692007,MAGDALENA,SAN SEBASTIÁN DE BUENAVISTA,SAN RAFAEL,C,0
47,47692,47692008,MAGDALENA,SAN SEBASTIÁN DE BUENAVISTA,SANTA ROSA,C,0
47,47692,47692009,MAGDALENA,SAN SEBASTIÁN DE BUENAVISTA,TRONCOSITO,C,0
47,47692,47692010,MAGDALENA,SAN SEBASTIÁN DE BUENAVISTA,TRONCOSO,C,0
47,47692,47692011,MAGDALENA,SAN SEBASTIÁN DE BUENAVISTA,VENERO,C,0
47,47692,47692013,MAGDALENA,SAN SEBASTIÁN DE BUENAVISTA,EL SEIS,C,0
47,47692,47692014,MAGDALENA,SAN SEBASTIÁN DE BUENAVISTA,SABANAS DE PERALEJO,C,0
47,47692,47692017,MAGDALENA,SAN SEBASTIÁN DE BUENAVISTA,JAIME,CAS,0
47,47692,47692018,MAGDALENA,SAN SEBASTIÁN DE BUENAVISTA,SAN VALENTÍN,C,0
47,47692,47692019,MAGDALENA,SAN SEBASTIÁN DE BUENAVISTA,PUEBLO NUEVO,CAS,0
47,47703,47703000,MAGDALENA,SAN ZENÓN,SAN ZENÓN,CM,0
47,47703,47703001,MAGDALENA,SAN ZENÓN,ANGOSTURA,C,0
47,47703,47703002,MAGDALENA,SAN ZENÓN,BERMEJAL,C,0
47,47703,47703003,MAGDALENA,SAN ZENÓN,EL PALOMAR,C,0
47,47703,47703004,MAGDALENA,SAN ZENÓN,JANEIRO,C,0
47,47703,47703005,MAGDALENA,SAN ZENÓN,LA MONTAÑA,C,0
47,47703,47703006,MAGDALENA,SAN ZENÓN,PEÑONCITO,C,0
47,47703,47703007,MAGDALENA,SAN ZENÓN,SANTA TERESA,C,0
47,47703,47703008,MAGDALENA,SAN ZENÓN,GUINEA,C,0
47,47703,47703009,MAGDALENA,SAN ZENÓN,EL HORNO,C,0
47,47703,47703010,MAGDALENA,SAN ZENÓN,PUERTO ARTURO,C,0
47,47703,47703012,MAGDALENA,SAN ZENÓN,SAN JOSÉ DE CHIMILA,C,0
47,47703,47703013,MAGDALENA,SAN ZENÓN,LA UNIÓN,CP,0
47,47707,47707000,MAGDALENA,SANTA ANA,SANTA ANA,CM,0
47,47707,47707001,MAGDALENA,SANTA ANA,BARRO BLANCO,C,0
47,47707,47707006,MAGDALENA,SANTA ANA,SAN FERNANDO,C,0
47,47707,47707009,MAGDALENA,SANTA ANA,JARABA,C,0
47,47707,47707011,MAGDALENA,SANTA ANA,SANTA ROSA,C,0
47,47720,47720000,MAGDALENA,SANTA BÁRBARA DE PINTO,SANTA BÁRBARA DE PINTO,CM,0
47,47720,47720001,MAGDALENA,SANTA BÁRBARA DE PINTO,CUNDINAMARCA,C,0
47,47720,47720002,MAGDALENA,SANTA BÁRBARA DE PINTO,SAN PEDRO,C,0
47,47720,47720003,MAGDALENA,SANTA BÁRBARA DE PINTO,VELADERO,C,0
47,47745,47745000,MAGDALENA,SITIONUEVO,SITIONUEVO,CM,0
47,47745,47745001,MAGDALENA,SITIONUEVO,BUENAVISTA,C,0
47,47745,47745002,MAGDALENA,SITIONUEVO,NUEVA VENECIA,C,0
47,47745,47745003,MAGDALENA,SITIONUEVO,PALERMO,C,0
47,47745,47745006,MAGDALENA,SITIONUEVO,SAN ANTONIO,CAS,0
47,47798,47798000,MAGDALENA,TENERIFE,TENERIFE,CM,0
47,47798,47798004,MAGDALENA,TENERIFE,REAL DEL OBISPO,C,0
47,47798,47798005,MAGDALENA,TENERIFE,SAN LUIS,C,0
47,47798,47798007,MAGDALENA,TENERIFE,EL JUNCAL,C,0
47,47798,47798008,MAGDALENA,TENERIFE,SANTA INÉS,C,0
47,47798,47798010,MAGDALENA,TENERIFE,EL CONSUELO,C,0
47,47960,47960000,MAGDALENA,ZAPAYÁN,PUNTA DE PIEDRAS,CM,0
47,47960,47960001,MAGDALENA,ZAPAYÁN,CAÑO DE AGUAS,C,0
47,47960,47960002,MAGDALENA,ZAPAYÁN,CAPUCHO,C,0
47,47960,47960003,MAGDALENA,ZAPAYÁN,PIEDRAS DE MOLER,C,0
47,47960,47960004,MAGDALENA,ZAPAYÁN,PIEDRAS PINTADAS,C,0
47,47960,47960005,MAGDALENA,ZAPAYÁN,LOS CERRITOS,CAS,0
47,47980,47980000,MAGDALENA,ZONA BANANERA,PRADO - SEVILLA,CM,0
47,47980,47980001,MAGDALENA,ZONA BANANERA,GUACAMAYAL,C,0
47,47980,47980002,MAGDALENA,ZONA BANANERA,GUAMACHITO,C,0
47,47980,47980003,MAGDALENA,ZONA BANANERA,LA GRAN VÍA,C,0
47,47980,47980004,MAGDALENA,ZONA BANANERA,ORIHUECA,C,0
47,47980,47980005,MAGDALENA,ZONA BANANERA,PALOMAR,C,0
47,47980,47980006,MAGDALENA,ZONA BANANERA,RIOFRÍO,C,0
47,47980,47980007,MAGDALENA,ZONA BANANERA,SANTA ROSALIA,C,0
47,47980,47980008,MAGDALENA,ZONA BANANERA,SEVILLA,C,0
47,47980,47980009,MAGDALENA,ZONA BANANERA,SOPLADOR,C,0
47,47980,47980010,MAGDALENA,ZONA BANANERA,TUCURINCA,C,0
47,47980,47980011,MAGDALENA,ZONA BANANERA,VARELA,C,0
47,47980,47980012,MAGDALENA,ZONA BANANERA,ZAWADY,CAS,0
47,47980,47980013,MAGDALENA,ZONA BANANERA,ESTACIÓN SEVILLA,CAS,0
47,47980,47980014,MAGDALENA,ZONA BANANERA,LA CANDELARIA,CAS,0
47,47980,47980015,MAGDALENA,ZONA BANANERA,SAN JOSÉ DE KENNEDY (CAMPO KENNEDY),CAS,0
47,47980,47980016,MAGDALENA,ZONA BANANERA,CAÑO MOCHO,CAS,0
47,47980,47980017,MAGDALENA,ZONA BANANERA,EL MAMÓN,CAS,0
70,70001,70001000,SUCRE,SINCELEJO,SINCELEJO,CM,0
70,70001,70001001,SUCRE,SINCELEJO,BUENAVISTA,CP,0
70,70001,70001002,SUCRE,SINCELEJO,CRUZ DEL BEQUE,CP,0
70,70001,70001003,SUCRE,SINCELEJO,CHOCHO,CP,0
70,70001,70001004,SUCRE,SINCELEJO,CERRITO DE LA PALMA,CP,0
70,70001,70001005,SUCRE,SINCELEJO,LA ARENA,CP,0
70,70001,70001006,SUCRE,SINCELEJO,LA CHIVERA,CP,0
70,70001,70001007,SUCRE,SINCELEJO,LA GALLERA,CP,0
70,70001,70001008,SUCRE,SINCELEJO,LA PEÑATA,CP,0
70,70001,70001009,SUCRE,SINCELEJO,LAGUNA FLOR,CP,0
70,70001,70001010,SUCRE,SINCELEJO,LAS HUERTAS,CP,0
70,70001,70001011,SUCRE,SINCELEJO,LAS MAJAGUAS,CP,0
70,70001,70001013,SUCRE,SINCELEJO,SABANAS DEL POTRERO,CP,0
70,70001,70001014,SUCRE,SINCELEJO,SAN ANTONIO,CP,0
70,70001,70001015,SUCRE,SINCELEJO,SAN MARTÍN,CP,0
70,70001,70001016,SUCRE,SINCELEJO,SAN RAFAEL,CP,0
70,70001,70001017,SUCRE,SINCELEJO,BUENAVISTICA,CP,0
70,70001,70001018,SUCRE,SINCELEJO,LAS PALMAS,CP,0
70,70001,70001019,SUCRE,SINCELEJO,CASTAÑEDA,CP,0
70,70001,70001020,SUCRE,SINCELEJO,POLICARPA,CP,0
70,70001,70001021,SUCRE,SINCELEJO,SAN JACINTO,C,0
70,70001,70001022,SUCRE,SINCELEJO,SAN NICOLAS,CP,0
70,70001,70001023,SUCRE,SINCELEJO,VILLA ROSITA,CAS,0
70,70001,70001024,SUCRE,SINCELEJO,BABILONIA,CP,0
70,70001,70001025,SUCRE,SINCELEJO,BUENOS AIRES,CP,0
70,70001,70001026,SUCRE,SINCELEJO,LA GULF,CP,0
70,70110,70110000,SUCRE,BUENAVISTA,BUENAVISTA,CM,0
70,70110,70110004,SUCRE,BUENAVISTA,LAS CHICHAS,C,0
70,70110,70110005,SUCRE,BUENAVISTA,LOS ANONES,CAS,0
70,70110,70110006,SUCRE,BUENAVISTA,PROVIDENCIA,CAS,0
70,70124,70124000,SUCRE,CAIMITO,CAIMITO,CM,0
70,70124,70124001,SUCRE,CAIMITO,EL MAMÓN,C,0
70,70124,70124002,SUCRE,CAIMITO,SIETE PALMAS,C,0
70,70124,70124003,SUCRE,CAIMITO,ALFÉREZ,C,0
70,70124,70124004,SUCRE,CAIMITO,LOS CAYITOS,C,0
70,70124,70124005,SUCRE,CAIMITO,CANDELARIA,CAS,0
70,70124,70124006,SUCRE,CAIMITO,LA SOLERA,CAS,0
70,70124,70124007,SUCRE,CAIMITO,TOFEME,CAS,0
70,70124,70124008,SUCRE,CAIMITO,CEDEÑO,C,0
70,70124,70124009,SUCRE,CAIMITO,MOLINERO,CAS,0
70,70124,70124010,SUCRE,CAIMITO,NUEVA ESTACIÓN,CAS,0
70,70124,70124011,SUCRE,CAIMITO,LA MEJÍA,CP,0
70,70124,70124012,SUCRE,CAIMITO,LAS PAVITAS,CP,0
70,70124,70124013,SUCRE,CAIMITO,NUEVA ESTRELLA,CP,0
70,70124,70124014,SUCRE,CAIMITO,NUEVA FE,CP,0
70,70124,70124015,SUCRE,CAIMITO,PAMPUMA,CP,0
70,70204,70204000,SUCRE,COLOSO,RICAURTE (COLOSO),CM,0
70,70204,70204002,SUCRE,COLOSO,CHINULITO,C,0
70,70204,70204004,SUCRE,COLOSO,EL CERRO,C,0
70,70204,70204005,SUCRE,COLOSO,BAJO DON JUAN,C,0
70,70204,70204006,SUCRE,COLOSO,EL OJITO,CAS,0
70,70204,70204007,SUCRE,COLOSO,JONEY,CAS,0
70,70215,70215000,SUCRE,COROZAL,COROZAL,CM,0
70,70215,70215001,SUCRE,COROZAL,CANTAGALLO,C,0
70,70215,70215004,SUCRE,COROZAL,CHAPINERO,C,0
70,70215,70215005,SUCRE,COROZAL,DON ALONSO,C,0
70,70215,70215006,SUCRE,COROZAL,EL MAMÓN,C,0
70,70215,70215009,SUCRE,COROZAL,HATO NUEVO,C,0
70,70215,70215010,SUCRE,COROZAL,LAS LLANADAS,C,0
70,70215,70215011,SUCRE,COROZAL,LAS TINAS,C,0
70,70215,70215014,SUCRE,COROZAL,SAN JOSE DE PILETA,C,0
70,70215,70215016,SUCRE,COROZAL,EL RINCON DE LAS FLORES,C,0
70,70215,70215018,SUCRE,COROZAL,LAS PEÑAS,C,0
70,70215,70215019,SUCRE,COROZAL,CALLE NUEVA,CAS,0
70,70215,70215020,SUCRE,COROZAL,LA PANELA,CAS,0
70,70215,70215021,SUCRE,COROZAL,LAS BRUJAS,CAS,0
70,70215,70215022,SUCRE,COROZAL,VILLA NUEVA,CAS,0
70,70221,70221000,SUCRE,COVEÑAS,COVEÑAS,CM,0
70,70221,70221001,SUCRE,COVEÑAS,BOCA DE LA CIÉNAGA,C,0
70,70221,70221002,SUCRE,COVEÑAS,EL REPARO,C,0
70,70221,70221003,SUCRE,COVEÑAS,GUAYABAL,C,0
70,70221,70221004,SUCRE,COVEÑAS,PUNTA SECA,CAS,0
70,70221,70221005,SUCRE,COVEÑAS,EL MAMEY,CAS,0
70,70230,70230000,SUCRE,CHALÁN,CHALÁN,CM,0
70,70230,70230001,SUCRE,CHALÁN,LA CEIBA,C,0
70,70230,70230002,SUCRE,CHALÁN,ALEMANIA,CP,0
70,70230,70230003,SUCRE,CHALÁN,MANZANARES,CP,0
70,70233,70233000,SUCRE,EL ROBLE,EL ROBLE,CM,0
70,70233,70233001,SUCRE,EL ROBLE,CALLEJÓN,C,0
70,70233,70233002,SUCRE,EL ROBLE,CAYO DE PALMA,C,0
70,70233,70233003,SUCRE,EL ROBLE,CORNETA,C,0
70,70233,70233004,SUCRE,EL ROBLE,EL SITIO,C,0
70,70233,70233005,SUCRE,EL ROBLE,LAS TABLITAS,C,0
70,70233,70233006,SUCRE,EL ROBLE,PALMITAL,C,0
70,70233,70233007,SUCRE,EL ROBLE,PATILLAL,C,0
70,70233,70233008,SUCRE,EL ROBLE,PUEBLO NUEVO O GRILLO ALEGRE,C,0
70,70233,70233009,SUCRE,EL ROBLE,RANCHO DE LA CRUZ,CAS,0
70,70233,70233010,SUCRE,EL ROBLE,SAN FRANCISCO,C,0
70,70233,70233011,SUCRE,EL ROBLE,SANTA ROSA,CAS,0
70,70233,70233012,SUCRE,EL ROBLE,TIERRA SANTA,C,0
70,70233,70233013,SUCRE,EL ROBLE,VILLAVICENCIO,C,0
70,70235,70235000,SUCRE,GALERAS,GALERAS,CM,0
70,70235,70235001,SUCRE,GALERAS,BARAYA,C,0
70,70235,70235002,SUCRE,GALERAS,SAN ANDRÉS DE PALOMO,C,0
70,70235,70235003,SUCRE,GALERAS,SAN JOSÉ DE RIVERA,C,0
70,70235,70235007,SUCRE,GALERAS,PUEBLO NUEVO II,CAS,0
70,70235,70235009,SUCRE,GALERAS,PUEBLO NUEVO I (JUNÍN),CAS,0
70,70235,70235011,SUCRE,GALERAS,PUERTO FRANCO,C,0
70,70265,70265000,SUCRE,GUARANDA,GUARANDA,CM,0
70,70265,70265002,SUCRE,GUARANDA,DIAZGRANADOS,C,0
70,70265,70265004,SUCRE,GUARANDA,GAVALDA,C,0
70,70265,70265006,SUCRE,GUARANDA,LA CONCORDIA,C,0
70,70265,70265008,SUCRE,GUARANDA,PALMARITICO,C,0
70,70265,70265009,SUCRE,GUARANDA,PUERTO LÓPEZ,C,0
70,70400,70400000,SUCRE,LA UNIÓN,LA UNIÓN,CM,0
70,70400,70400001,SUCRE,LA UNIÓN,CAYO DELGADO,C,0
70,70400,70400002,SUCRE,LA UNIÓN,PAJARITO,C,0
70,70400,70400003,SUCRE,LA UNIÓN,CASCARILLA,CAS,0
70,70400,70400004,SUCRE,LA UNIÓN,LAS PALMITAS,CAS,0
70,70400,70400005,SUCRE,LA UNIÓN,SABANETA,CAS,0
70,70400,70400006,SUCRE,LA UNIÓN,BOCA NEGRA,CP,0
70,70400,70400007,SUCRE,LA UNIÓN,CONQUITOS,CP,0
70,70400,70400008,SUCRE,LA UNIÓN,LA GLORIA,CP,0
70,70400,70400009,SUCRE,LA UNIÓN,VILLA FÁTIMA,CP,0
70,70418,70418000,SUCRE,LOS PALMITOS,LOS PALMITOS,CM,0
70,70418,70418001,SUCRE,LOS PALMITOS,EL COLEY,C,0
70,70418,70418002,SUCRE,LOS PALMITOS,EL PIÑAL,C,0
70,70418,70418003,SUCRE,LOS PALMITOS,PALMAS DE VINO,C,0
70,70418,70418004,SUCRE,LOS PALMITOS,SABANAS DE BELTRÁN,C,0
70,70418,70418005,SUCRE,LOS PALMITOS,SABANAS DE PEDRO,C,0
70,70418,70418006,SUCRE,LOS PALMITOS,HATILLO,CAS,0
70,70418,70418007,SUCRE,LOS PALMITOS,NARANJAL,C,0
70,70418,70418008,SUCRE,LOS PALMITOS,BIRMANIA,C,0
70,70429,70429000,SUCRE,MAJAGUAL,MAJAGUAL,CM,0
70,70429,70429002,SUCRE,MAJAGUAL,EL NARANJO,C,0
70,70429,70429005,SUCRE,MAJAGUAL,LA SIERPITA,C,0
70,70429,70429006,SUCRE,MAJAGUAL,LAS PALMITAS,C,0
70,70429,70429008,SUCRE,MAJAGUAL,PIZA,C,0
70,70429,70429009,SUCRE,MAJAGUAL,PUEBLONUEVO,C,0
70,70429,70429010,SUCRE,MAJAGUAL,SAN ROQUE,C,0
70,70429,70429011,SUCRE,MAJAGUAL,SANTANDER,C,0
70,70429,70429012,SUCRE,MAJAGUAL,TOMALA,C,0
70,70429,70429013,SUCRE,MAJAGUAL,ZAPATA,C,0
70,70429,70429014,SUCRE,MAJAGUAL,SINCELEJITO,C,0
70,70429,70429015,SUCRE,MAJAGUAL,BELLAVISTA,CAS,0
70,70429,70429016,SUCRE,MAJAGUAL,LEÓN BLANCO,CAS,0
70,70429,70429017,SUCRE,MAJAGUAL,PALMAR TIPICO,CAS,0
70,70429,70429019,SUCRE,MAJAGUAL,EDUARDO SANTOS,C,0
70,70429,70429021,SUCRE,MAJAGUAL,SAN MIGUEL,C,0
70,70429,70429022,SUCRE,MAJAGUAL,LAS CANDELARIAS,C,0
70,70429,70429023,SUCRE,MAJAGUAL,LOS PATOS,C,0
70,70429,70429024,SUCRE,MAJAGUAL,MIRAFLORES,C,0
70,70429,70429025,SUCRE,MAJAGUAL,PALMARITO,CAS,0
70,70473,70473000,SUCRE,MORROA,MORROA,CM,0
70,70473,70473001,SUCRE,MORROA,CAMBIMBA,C,0
70,70473,70473002,SUCRE,MORROA,EL RINCÓN,C,0
70,70473,70473003,SUCRE,MORROA,EL YESO,C,0
70,70473,70473004,SUCRE,MORROA,LAS FLORES,C,0
70,70473,70473005,SUCRE,MORROA,SABANETA,C,0
70,70473,70473006,SUCRE,MORROA,TUMBATORO,C,0
70,70473,70473008,SUCRE,MORROA,MEDELLÍN,CAS,0
70,70473,70473009,SUCRE,MORROA,SABANAS DE CALI,CAS,0
70,70473,70473010,SUCRE,MORROA,BRISAS DEL MAR,CAS,0
70,70508,70508000,SUCRE,OVEJAS,OVEJAS,CM,0
70,70508,70508001,SUCRE,OVEJAS,ALMAGRA,CAS,0
70,70508,70508002,SUCRE,OVEJAS,CANUTAL,C,0
70,70508,70508003,SUCRE,OVEJAS,CANUTALITO,C,0
70,70508,70508004,SUCRE,OVEJAS,CHENGUE,C,0
70,70508,70508005,SUCRE,OVEJAS,DAMASCO,CAS,0
70,70508,70508006,SUCRE,OVEJAS,DON GABRIEL,C,0
70,70508,70508007,SUCRE,OVEJAS,EL FLORAL,C,0
70,70508,70508008,SUCRE,OVEJAS,EL PALMAR,CAS,0
70,70508,70508009,SUCRE,OVEJAS,FLOR DEL MONTE,C,0
70,70508,70508011,SUCRE,OVEJAS,LA PEÑA,C,0
70,70508,70508012,SUCRE,OVEJAS,OSOS,CAS,0
70,70508,70508013,SUCRE,OVEJAS,PIJIGUAY,C,0
70,70508,70508014,SUCRE,OVEJAS,SAN RAFAEL,C,0
70,70508,70508015,SUCRE,OVEJAS,SALITRAL,CAS,0
70,70508,70508016,SUCRE,OVEJAS,LOMA DEL BANCO,CAS,0
70,70508,70508018,SUCRE,OVEJAS,SAN RAFAEL ALTO,CAS,0
70,70508,70508019,SUCRE,OVEJAS,BAJO EUROPA,CP,0
70,70508,70508020,SUCRE,OVEJAS,BAJO GRANDE,CP,0
70,70508,70508021,SUCRE,OVEJAS,BAJO LA PALMA,CP,0
70,70508,70508022,SUCRE,OVEJAS,CENTRO MULA,CP,0
70,70508,70508023,SUCRE,OVEJAS,LOS ANDES,CP,0
70,70508,70508024,SUCRE,OVEJAS,MEDELLÍN,CP,0
70,70508,70508025,SUCRE,OVEJAS,MIRAMAR,CP,0
70,70508,70508026,SUCRE,OVEJAS,PEDREGAL,CP,0
70,70508,70508027,SUCRE,OVEJAS,SAN FRANCISCO,CP,0
70,70508,70508028,SUCRE,OVEJAS,SANTA ROSA,CP,0
70,70508,70508029,SUCRE,OVEJAS,SANTAFÉ,CP,0
70,70508,70508030,SUCRE,OVEJAS,VILLA COLOMBIA,CP,0
70,70508,70508031,SUCRE,OVEJAS,ZAPATO # 2 PIJIGUAY,CP,0
70,70523,70523000,SUCRE,PALMITO,PALMITO,CM,0
70,70523,70523001,SUCRE,PALMITO,ALGODONCILLO,C,0
70,70523,70523002,SUCRE,PALMITO,GUAIMARAL,C,0
70,70523,70523003,SUCRE,PALMITO,GUAIMI,C,0
70,70523,70523005,SUCRE,PALMITO,CENTRO AZUL,CP,0
70,70523,70523006,SUCRE,PALMITO,CHUMPUNDÚN,CP,0
70,70523,70523007,SUCRE,PALMITO,EL MARTILLO,CP,0
70,70523,70523008,SUCRE,PALMITO,EL PALMAR BRILLANTE,CP,0
70,70523,70523009,SUCRE,PALMITO,EL SABANAL,CP,0
70,70523,70523010,SUCRE,PALMITO,LOS CASTILLOS,CP,0
70,70523,70523011,SUCRE,PALMITO,MEDIA SOMBRA,CP,0
70,70523,70523012,SUCRE,PALMITO,PUEBLECITO,CP,0
70,70523,70523013,SUCRE,PALMITO,PUEBLO NUEVO,CP,0
70,70523,70523014,SUCRE,PALMITO,SAN MIGUEL,CP,0
70,70670,70670000,SUCRE,SAMPUÉS,SAMPUÉS,CM,0
70,70670,70670001,SUCRE,SAMPUÉS,BOSSA NAVARRO,C,0
70,70670,70670002,SUCRE,SAMPUÉS,CEJA DEL MANGO,C,0
70,70670,70670003,SUCRE,SAMPUÉS,ESCOBAR ABAJO,C,0
70,70670,70670004,SUCRE,SAMPUÉS,ESCOBAR ARRIBA,C,0
70,70670,70670005,SUCRE,SAMPUÉS,HUERTAS CHICAS,C,0
70,70670,70670006,SUCRE,SAMPUÉS,LA NEGRA,C,0
70,70670,70670007,SUCRE,SAMPUÉS,MATEO PÉREZ,C,0
70,70670,70670008,SUCRE,SAMPUÉS,SANTA INÉS DE PALITO,C,0
70,70670,70670009,SUCRE,SAMPUÉS,PIEDRAS BLANCAS,C,0
70,70670,70670010,SUCRE,SAMPUÉS,SABANALARGA,C,0
70,70670,70670011,SUCRE,SAMPUÉS,SAN LUIS,C,0
70,70670,70670012,SUCRE,SAMPUÉS,SEGOVIA,C,0
70,70670,70670013,SUCRE,SAMPUÉS,ACHIOTE,C,0
70,70670,70670016,SUCRE,SAMPUÉS,EL CAMPO,C,0
70,70670,70670017,SUCRE,SAMPUÉS,LOMA DE PIEDRA,C,0
70,70670,70670018,SUCRE,SAMPUÉS,MATA DE CAÑA,C,0
70,70670,70670019,SUCRE,SAMPUÉS,SILOE,C,0
70,70670,70670020,SUCRE,SAMPUÉS,LOS PÉREZ,C,0
70,70670,70670022,SUCRE,SAMPUÉS,VILLA NUEVA,C,0
70,70678,70678000,SUCRE,SAN BENITO ABAD,SAN BENITO ABAD,CM,0
70,70678,70678002,SUCRE,SAN BENITO ABAD,CUIVA,C,0
70,70678,70678003,SUCRE,SAN BENITO ABAD,JEGUA,C,0
70,70678,70678004,SUCRE,SAN BENITO ABAD,LA CEIBA,CAS,0
70,70678,70678006,SUCRE,SAN BENITO ABAD,CORRAL VIEJO (LOS ANGELES),C,0
70,70678,70678007,SUCRE,SAN BENITO ABAD,PUNTA DE BLANCO,C,0
70,70678,70678009,SUCRE,SAN BENITO ABAD,SAN ROQUE,C,0
70,70678,70678010,SUCRE,SAN BENITO ABAD,SANTIAGO APOSTOL,C,0
70,70678,70678011,SUCRE,SAN BENITO ABAD,DOÑA ANA,C,0
70,70678,70678012,SUCRE,SAN BENITO ABAD,GUAYABAL,C,0
70,70678,70678013,SUCRE,SAN BENITO ABAD,EL LIMÓN,C,0
70,70678,70678015,SUCRE,SAN BENITO ABAD,LA VENTURA,C,0
70,70678,70678020,SUCRE,SAN BENITO ABAD,PUNTA NUEVA,C,0
70,70678,70678022,SUCRE,SAN BENITO ABAD,CIÉNAGA NUEVA,C,0
70,70678,70678023,SUCRE,SAN BENITO ABAD,LAS DELICIAS,C,0
70,70678,70678025,SUCRE,SAN BENITO ABAD,CISPATACA,C,0
70,70678,70678026,SUCRE,SAN BENITO ABAD,SAN ISIDRO,C,0
70,70678,70678027,SUCRE,SAN BENITO ABAD,VILLA NUEVA,C,0
70,70678,70678028,SUCRE,SAN BENITO ABAD,CORRAL VIEJO,CAS,0
70,70678,70678029,SUCRE,SAN BENITO ABAD,EL CAUCHAL,C,0
70,70678,70678032,SUCRE,SAN BENITO ABAD,LA MOLINA,C,0
70,70678,70678033,SUCRE,SAN BENITO ABAD,LAS CHISPAS,C,0
70,70678,70678034,SUCRE,SAN BENITO ABAD,RANCHO LA TÍA,C,0
70,70702,70702000,SUCRE,SAN JUAN DE BETULIA,BETULIA,CM,0
70,70702,70702001,SUCRE,SAN JUAN DE BETULIA,ALBANIA,C,0
70,70702,70702002,SUCRE,SAN JUAN DE BETULIA,HATO VIEJO,C,0
70,70702,70702004,SUCRE,SAN JUAN DE BETULIA,SABANETA,C,0
70,70702,70702005,SUCRE,SAN JUAN DE BETULIA,VILLA LÓPEZ,C,0
70,70702,70702006,SUCRE,SAN JUAN DE BETULIA,LAS CRUCES,CAS,0
70,70702,70702007,SUCRE,SAN JUAN DE BETULIA,LOMA ALTA,CAS,0
70,70702,70702008,SUCRE,SAN JUAN DE BETULIA,SANTO TOMÁS,CAS,0
70,70702,70702009,SUCRE,SAN JUAN DE BETULIA,EL SOCORRO,CP,0
70,70708,70708000,SUCRE,SAN MARCOS,SAN MARCOS,CM,0
70,70708,70708001,SUCRE,SAN MARCOS,BELÉN,C,0
70,70708,70708002,SUCRE,SAN MARCOS,BUENAVISTA,C,0
70,70708,70708003,SUCRE,SAN MARCOS,CANDELARIA,CAS,0
70,70708,70708004,SUCRE,SAN MARCOS,CAÑO PRIETO,C,0
70,70708,70708005,SUCRE,SAN MARCOS,CUENCA,C,0
70,70708,70708006,SUCRE,SAN MARCOS,EL LIMÓN,C,0
70,70708,70708007,SUCRE,SAN MARCOS,EL TABLÓN,C,0
70,70708,70708008,SUCRE,SAN MARCOS,EL TORNO,CAS,0
70,70708,70708009,SUCRE,SAN MARCOS,LAS FLORES,C,0
70,70708,70708010,SUCRE,SAN MARCOS,MONTEGRANDE,CAS,0
70,70708,70708011,SUCRE,SAN MARCOS,PALO ALTO,CAS,0
70,70708,70708012,SUCRE,SAN MARCOS,EL PITAL,C,0
70,70708,70708013,SUCRE,SAN MARCOS,SANTA INÉS,C,0
70,70708,70708014,SUCRE,SAN MARCOS,LA QUEBRADA,C,0
70,70708,70708015,SUCRE,SAN MARCOS,EL LLANO,CAS,0
70,70708,70708017,SUCRE,SAN MARCOS,NEIVA,C,0
70,70708,70708021,SUCRE,SAN MARCOS,CAYO DE LA CRUZ,CP,0
70,70708,70708024,SUCRE,SAN MARCOS,EL OASIS,CP,0
70,70708,70708028,SUCRE,SAN MARCOS,SAN FELIPE,CP,0
70,70708,70708029,SUCRE,SAN MARCOS,SEHEBE,CP,0
70,70713,70713000,SUCRE,SAN ONOFRE,SAN ONOFRE,CM,0
70,70713,70713001,SUCRE,SAN ONOFRE,AGUACATE,C,0
70,70713,70713002,SUCRE,SAN ONOFRE,BERLÍN,C,0
70,70713,70713003,SUCRE,SAN ONOFRE,BERRUGAS,C,0
70,70713,70713004,SUCRE,SAN ONOFRE,BUENOS AIRES,C,0
70,70713,70713005,SUCRE,SAN ONOFRE,LABARCÉS,C,0
70,70713,70713006,SUCRE,SAN ONOFRE,LIBERTAD,C,0
70,70713,70713007,SUCRE,SAN ONOFRE,PAJONAL,C,0
70,70713,70713008,SUCRE,SAN ONOFRE,PALO ALTO,C,0
70,70713,70713009,SUCRE,SAN ONOFRE,PLANPAREJO,C,0
70,70713,70713010,SUCRE,SAN ONOFRE,RINCÓN DEL MAR,C,0
70,70713,70713011,SUCRE,SAN ONOFRE,SABANAS DE MUCACAL,C,0
70,70713,70713012,SUCRE,SAN ONOFRE,SAN ANTONIO,C,0
70,70713,70713014,SUCRE,SAN ONOFRE,HIGUERÓN,C,0
70,70713,70713015,SUCRE,SAN ONOFRE,EL CHICHO,C,0
70,70713,70713016,SUCRE,SAN ONOFRE,BARRANCAS,C,0
70,70713,70713017,SUCRE,SAN ONOFRE,CERRO DE LAS CASAS,C,0
70,70713,70713018,SUCRE,SAN ONOFRE,PAJONALITO,C,0
70,70713,70713019,SUCRE,SAN ONOFRE,EL PUEBLITO,C,0
70,70713,70713020,SUCRE,SAN ONOFRE,AGUAS NEGRAS,C,0
70,70713,70713021,SUCRE,SAN ONOFRE,PALACIOS,C,0
70,70713,70713022,SUCRE,SAN ONOFRE,BOCA CERRADA,C,0
70,70713,70713023,SUCRE,SAN ONOFRE,PALMIRA,C,0
70,70713,70713024,SUCRE,SAN ONOFRE,ALTOS DE JULIO,CAS,0
70,70713,70713025,SUCRE,SAN ONOFRE,ARROYO SECO,CAS,0
70,70713,70713026,SUCRE,SAN ONOFRE,LAS BRISAS,CAS,0
70,70713,70713027,SUCRE,SAN ONOFRE,PISISI,CAS,0
70,70713,70713028,SUCRE,SAN ONOFRE,SABANAS DE RINCÓN,CAS,0
70,70713,70713029,SUCRE,SAN ONOFRE,SABANETICA,CAS,0
70,70717,70717000,SUCRE,SAN PEDRO,SAN PEDRO,CM,0
70,70717,70717001,SUCRE,SAN PEDRO,SAN MATEO,C,0
70,70717,70717002,SUCRE,SAN PEDRO,ROVIRA,C,0
70,70717,70717003,SUCRE,SAN PEDRO,NUMANCIA,C,0
70,70717,70717004,SUCRE,SAN PEDRO,EL BAJO DE LA ALEGRÍA,CAS,0
70,70717,70717005,SUCRE,SAN PEDRO,PERENDENGUE,CAS,0
70,70742,70742000,SUCRE,SAN LUIS DE SINCÉ,SINCÉ,CM,0
70,70742,70742002,SUCRE,SAN LUIS DE SINCÉ,BAZÁN,C,0
70,70742,70742004,SUCRE,SAN LUIS DE SINCÉ,COCOROTE,C,0
70,70742,70742005,SUCRE,SAN LUIS DE SINCÉ,GRANADA,C,0
70,70742,70742008,SUCRE,SAN LUIS DE SINCÉ,LOS LIMONES,C,0
70,70742,70742010,SUCRE,SAN LUIS DE SINCÉ,VALENCIA,C,0
70,70742,70742011,SUCRE,SAN LUIS DE SINCÉ,VÉLEZ,C,0
70,70742,70742013,SUCRE,SAN LUIS DE SINCÉ,LA VIVIENDA,C,0
70,70742,70742014,SUCRE,SAN LUIS DE SINCÉ,PERENDENGUE,C,0
70,70742,70742015,SUCRE,SAN LUIS DE SINCÉ,GALÁPAGO,C,0
70,70742,70742016,SUCRE,SAN LUIS DE SINCÉ,MORALITO,C,0
70,70771,70771000,SUCRE,SUCRE,SUCRE,CM,0
70,70771,70771001,SUCRE,SUCRE,ARBOLEDA,C,0
70,70771,70771002,SUCRE,SUCRE,BAJOGRANDE,C,0
70,70771,70771003,SUCRE,SUCRE,CALZÓN BLANCO,C,0
70,70771,70771004,SUCRE,SUCRE,CAMAJÓN,C,0
70,70771,70771005,SUCRE,SUCRE,CAMPO ALEGRE,C,0
70,70771,70771006,SUCRE,SUCRE,CÓRDOBA,C,0
70,70771,70771008,SUCRE,SUCRE,EL CONGRESO,C,0
70,70771,70771009,SUCRE,SUCRE,ISLA DEL COCO,C,0
70,70771,70771010,SUCRE,SUCRE,ISLA GRANDE,C,0
70,70771,70771011,SUCRE,SUCRE,LA GUARIPA,C,0
70,70771,70771012,SUCRE,SUCRE,LA VENTURA,C,0
70,70771,70771013,SUCRE,SUCRE,MONTERÍA,C,0
70,70771,70771015,SUCRE,SUCRE,NARANJAL,C,0
70,70771,70771016,SUCRE,SUCRE,NARIÑO,C,0
70,70771,70771017,SUCRE,SUCRE,OREJERO,C,0
70,70771,70771018,SUCRE,SUCRE,SAN LUIS,C,0
70,70771,70771019,SUCRE,SUCRE,TRAVESÍA,C,0
70,70771,70771020,SUCRE,SUCRE,HATO NUEVO,C,0
70,70771,70771021,SUCRE,SUCRE,PAMPANILLA,C,0
70,70771,70771022,SUCRE,SUCRE,LA SOLERA,C,0
70,70771,70771023,SUCRE,SUCRE,BAJO PUREZA,C,0
70,70771,70771024,SUCRE,SUCRE,LA PALMA,C,0
70,70771,70771025,SUCRE,SUCRE,MACHETÓN,C,0
70,70771,70771026,SUCRE,SUCRE,MALAMBO,C,0
70,70771,70771027,SUCRE,SUCRE,SAN MATEO,C,0
70,70771,70771028,SUCRE,SUCRE,BUENAVISTA,CP,0
70,70771,70771029,SUCRE,SUCRE,BUENOS AIRES,CP,0
70,70771,70771030,SUCRE,SUCRE,CACAGUAL,CP,0
70,70771,70771031,SUCRE,SUCRE,CANTARRANA,CP,0
70,70771,70771032,SUCRE,SUCRE,CONCEPCIÓN,CP,0
70,70771,70771033,SUCRE,SUCRE,CUCHARAL,CP,0
70,70771,70771034,SUCRE,SUCRE,EL CEDRO,CP,0
70,70771,70771035,SUCRE,SUCRE,EL GARZAL,CP,0
70,70771,70771036,SUCRE,SUCRE,EL PAJONAL,CP,0
70,70771,70771037,SUCRE,SUCRE,EL SOCORRO,CP,0
70,70771,70771038,SUCRE,SUCRE,FUNDACIÓN,CP,0
70,70771,70771039,SUCRE,SUCRE,GALINDO,CP,0
70,70771,70771040,SUCRE,SUCRE,GARRAPATA,CP,0
70,70771,70771041,SUCRE,SUCRE,GUAMALITO,CP,0
70,70771,70771042,SUCRE,SUCRE,HUERTA GRANDE,CP,0
70,70771,70771043,SUCRE,SUCRE,LA REDONDA,CP,0
70,70771,70771044,SUCRE,SUCRE,LAS CARACUCHAS,CP,0
70,70771,70771045,SUCRE,SUCRE,LAS CRUCES,CP,0
70,70771,70771046,SUCRE,SUCRE,MOJANITA,CP,0
70,70771,70771047,SUCRE,SUCRE,PUEBLO NUEVO,CP,0
70,70771,70771048,SUCRE,SUCRE,QUITASUEÑO,CP,0
70,70771,70771049,SUCRE,SUCRE,SAN CAYETANO,CP,0
70,70771,70771050,SUCRE,SUCRE,SAN JOSÉ,CP,0
70,70771,70771051,SUCRE,SUCRE,SAN JOSÉ CALASTRABA,CP,0
70,70771,70771052,SUCRE,SUCRE,SAN RAFAEL,CP,0
70,70820,70820000,SUCRE,SANTIAGO DE TOLÚ,SANTIAGO DE TOLÚ,CM,0
70,70820,70820003,SUCRE,SANTIAGO DE TOLÚ,NUEVA ERA,C,0
70,70820,70820007,SUCRE,SANTIAGO DE TOLÚ,PITA EN MEDIO,C,0
70,70820,70820008,SUCRE,SANTIAGO DE TOLÚ,PUERTO VIEJO,C,0
70,70820,70820010,SUCRE,SANTIAGO DE TOLÚ,PITA ABAJO,C,0
70,70820,70820013,SUCRE,SANTIAGO DE TOLÚ,SANTA LUCÍA,C,0
70,70823,70823000,SUCRE,TOLÚ VIEJO,TOLÚ VIEJO,CM,0
70,70823,70823001,SUCRE,TOLÚ VIEJO,CARACOL,C,0
70,70823,70823002,SUCRE,TOLÚ VIEJO,LAS PIEDRAS,C,0
70,70823,70823003,SUCRE,TOLÚ VIEJO,MACAJÁN,C,0
70,70823,70823004,SUCRE,TOLÚ VIEJO,PALMIRA,C,0
70,70823,70823005,SUCRE,TOLÚ VIEJO,VARSOVIA,C,0
70,70823,70823006,SUCRE,TOLÚ VIEJO,LA PICHE,C,0
70,70823,70823007,SUCRE,TOLÚ VIEJO,CIENAGUITA,CAS,0
70,70823,70823008,SUCRE,TOLÚ VIEJO,LA UNIÓN,C,0
70,70823,70823010,SUCRE,TOLÚ VIEJO,GUALÓN,C,0
70,70823,70823011,SUCRE,TOLÚ VIEJO,CAÑITO,C,0
70,70823,70823012,SUCRE,TOLÚ VIEJO,LA SIRIA,C,0
70,70823,70823013,SUCRE,TOLÚ VIEJO,LA FLORESTA,CAS,0
70,70823,70823014,SUCRE,TOLÚ VIEJO,LOS ALTOS,CAS,0
70,70823,70823015,SUCRE,TOLÚ VIEJO,NUEVA ESPERANZA,CAS,0
70,70823,70823016,SUCRE,TOLÚ VIEJO,EL MAMEY,CP,0
70,70823,70823017,SUCRE,TOLÚ VIEJO,EL REPARO,C,0
70,70823,70823018,SUCRE,TOLÚ VIEJO,GUAYABAL,C,0
70,70823,70823019,SUCRE,TOLÚ VIEJO,MÓNACO,CP,0
70,70823,70823020,SUCRE,TOLÚ VIEJO,PUNTA SECA-SANTAFÉ,CAS,0
70,70823,70823021,SUCRE,TOLÚ VIEJO,TORRENTE,CP,0
